question_no,category_1,category_2,question_label,question_full,response_options,response_type,value_count,value_code_map,number_unit,other_input_expected,data_column_role,dashboard_value_type,formula
P1,응답자 정보,패널 기본정보,응답코드,,,주관식 문자,,,,N,raw,text,
P2,응답자 정보,패널 기본정보,패널코드,,,주관식 문자,,,,N,raw,text,
P3,응답자 정보,패널 기본정보,성별,,남|여,객관식 단일,2,1=남|2=여,,N,raw,label,
P4,응답자 정보,패널 기본정보,나이,,,주관식 숫자,,,세,N,raw,number,
P5,응답자 정보,패널 기본정보,거주 지역(상세),,서울|경기|인천|강원|충북|충남|대전|경북|경남|대구|울산|부산|전북|전남|광주|제주|세종,객관식 단일,17,1=서울|2=경기|3=인천|4=강원|5=충북|6=충남|7=대전|8=경북|9=경남|10=대구|11=울산|12=부산|13=전북|14=전남|15=광주|16=제주|17=세종,,N,raw,label,
P6,응답자 정보,패널 기본정보,거주 지역,,서울|서울 외 수도권|5대광역시|기타지역,객관식 단일,4,1=서울|2=서울 외 수도권|3=5대광역시|4=기타지역,,N,raw,label,
P7,응답자 정보,패널 기본정보,세대,,Z세대(1996-2004)|후기 밀레니얼(1989-1995)|전기 밀레니얼(1981-1988)|X세대(1970-1980)|86세대(1964-1969),객관식 단일,5,1=Z세대(1996-2004)|2=후기 밀레니얼(1989-1995)|3=전기 밀레니얼(1981-1988)|4=X세대(1970-1980)|5=86세대(1964-1969),,N,raw,label,
Q1,응답자 정보,소속 기업 정보,사업장 지역,귀하께서 근무하시는 기업의 사업장 소재지는 어디인가요?,강원도|경기도|경상남도|경상북도|광주광역시|대구광역시|대전광역시|부산광역시|서울특별시|세종특별자치시|울산광역시|인천광역시|전라남도|전라북도|제주특별자치도|충청남도|충청북도,객관식 단일,17,1=강원도|2=경기도|3=경상남도|4=경상북도|5=광주광역시|6=대구광역시|7=대전광역시|8=부산광역시|9=서울특별시|10=세종특별자치시|11=울산광역시|12=인천광역시|13=전라남도|14=전라북도|15=제주특별자치도|16=충청남도|17=충청북도,,N,raw,label,
Q2,응답자 정보,소속 기업 정보,사업장 인원,현재 근무하고 있는 사업장(오피스)에 근무하는 인원은 몇 명인가요?,"1~29인|30~99인|100~299인|300~999인|1,000인 이상",객관식 단일,5,"1=1~29인|2=30~99인|3=100~299인|4=300~999인|5=1,000인 이상",,N,raw,label,
Q3,응답자 정보,소속 기업 정보,업종,귀하께서 재직 중인 기업은 다음 중 어느 업종에 해당하나요?,IT/게임|언론/미디어/컨텐츠|제조/생산|제약/바이오|유통/무역|금융|디자인/설계|건설/시공|법무/세무/회계|컨설팅/연구/조사|관공서/공사/협회|기타 (직접 입력),객관식 단일,12,1=IT/게임|2=언론/미디어/컨텐츠|3=제조/생산|4=제약/바이오|5=유통/무역|6=금융|7=디자인/설계|8=건설/시공|9=법무/세무/회계|10=컨설팅/연구/조사|11=관공서/공사/협회|12=기타 (직접 입력),,Y,raw,label,
Q3_TEXT,응답자 정보,소속 기업 정보,업종__기타_텍스트,귀하께서 재직 중인 기업은 다음 중 어느 업종에 해당하나요?,,객관식 단일,,,,Y,expanded,text,
Q4,응답자 정보,응답자 개인 특성,직무,현재 귀하께서 담당하고 있는 주요 업무는 무엇인가요?,"기획/전략|경영지원 (총무, 인사, 회계 등)|마케팅/광고/홍보|IT/개발/데이터|디자인/설계|연구/R&D|영업/판매/무역|교육/컨설팅|고객지원/서비스|생산/제조|구매/물류|전문/특수직|기타 (직접 입력)",객관식 단일,13,"1=기획/전략|2=경영지원 (총무, 인사, 회계 등)|3=마케팅/광고/홍보|4=IT/개발/데이터|5=디자인/설계|6=연구/R&D|7=영업/판매/무역|8=교육/컨설팅|9=고객지원/서비스|10=생산/제조|11=구매/물류|12=전문/특수직|13=기타 (직접 입력)",,Y,raw,label,
Q4_TEXT,응답자 정보,응답자 개인 특성,직무__기타_텍스트,현재 귀하께서 담당하고 있는 주요 업무는 무엇인가요?,,객관식 단일,,,,Y,expanded,text,
Q5,응답자 정보,소속 기업 정보,기업 유형,귀하께서 재직 중인 기업은 다음 중 어디에 해당하나요?,대기업|중견/중소기업|외국계 기업|공기업/공사|스타트업/스튜디오|기타 (직접 입력),객관식 단일,6,1=대기업|2=중견/중소기업|3=외국계 기업|4=공기업/공사|5=스타트업/스튜디오|6=기타 (직접 입력),,Y,raw,label,
Q5_TEXT,응답자 정보,소속 기업 정보,기업 유형__기타_텍스트,귀하께서 재직 중인 기업은 다음 중 어디에 해당하나요?,,객관식 단일,,,,Y,expanded,text,
Q6,응답자 정보,응답자 개인 특성,직책,귀하의 기업 내 직책은 어디에 해당하나요?,임원급|관리자급|실무자급,객관식 단일,3,1=임원급|2=관리자급|3=실무자급,,N,raw,label,
Q7,응답자 정보,응답자 개인 특성,총 경력,귀하의 직장 생활 총 경력은 어떻게 되나요?,1년 미만|1년 이상 5년 미만|5년 이상 10년 미만|10년 이상 15년 미만|15년 이상 20년 미만|20년 이상,객관식 단일,6,1=1년 미만|2=1년 이상 5년 미만|3=5년 이상 10년 미만|4=10년 이상 15년 미만|5=15년 이상 20년 미만|6=20년 이상,,N,raw,label,
Q8,응답자 정보,응답자 개인 특성,현 직장 재직 기간,현재 직장에서의 재직 기간은 어떻게 되나요?,1년 미만|1년 이상 5년 미만|5년 이상 10년 미만|10년 이상 15년 미만|15년 이상 20년 미만|20년 이상,객관식 단일,6,1=1년 미만|2=1년 이상 5년 미만|3=5년 이상 10년 미만|4=10년 이상 15년 미만|5=15년 이상 20년 미만|6=20년 이상,,N,raw,label,
Q9,문화적 환경,근무 제도,사무실 출근일수,한 주에 평균 며칠 사무실에서 근무하시나요?,주 1일 미만|주 1일|주 2일|주 3일|주 4일|주 5일|주 6일 이상,객관식 단일,7,1=주 1일 미만|2=주 1일|3=주 2일|4=주 3일|5=주 4일|6=주 5일|7=주 6일 이상,,N,raw,label,
Q10,문화적 환경,근무 제도,현재 운영 중인 근무 제도,회사에서 특별히 운영하고 있는 근무제도는 무엇이 있나요? 해당하는 것을 모두 선택해주세요.,"운영하는 특별 근무 제도 없음|원격 근무제 (재택근무 등, 본 근무지 이외 장소에서 업무)|선택적 근로시간제 (근무일수 & 하루 근무시간 고정 / 출퇴근 시간 조정 가능)|탄력적 근로시간제 (일주일 근무시간 고정 / 출퇴근 시간 & 근무일수 조정 가능)|주 4일(이하) 근무제 (조직 차원에서 주 4일(이하)로 근무일수를 정한 경우)|기타 (직접 입력)",객관식 중복,6,"1=운영하는 특별 근무 제도 없음|2=원격 근무제 (재택근무 등, 본 근무지 이외 장소에서 업무)|3=선택적 근로시간제 (근무일수 & 하루 근무시간 고정 / 출퇴근 시간 조정 가능)|4=탄력적 근로시간제 (일주일 근무시간 고정 / 출퇴근 시간 & 근무일수 조정 가능)|5=주 4일(이하) 근무제 (조직 차원에서 주 4일(이하)로 근무일수를 정한 경우)|6=기타 (직접 입력)",,Y,raw,label,
Q10_M1,문화적 환경,근무 제도,현재 운영 중인 근무 제도__운영하는 특별 근무 제도 없음,회사에서 특별히 운영하고 있는 근무제도는 무엇이 있나요? 해당하는 것을 모두 선택해주세요.,,객관식 중복,,0=미선택|1=선택,,N,expanded,binary,
Q10_M2,문화적 환경,근무 제도,"현재 운영 중인 근무 제도__원격 근무제 (재택근무 등, 본 근무지 이외 장소에서 업무)",회사에서 특별히 운영하고 있는 근무제도는 무엇이 있나요? 해당하는 것을 모두 선택해주세요.,,객관식 중복,,0=미선택|1=선택,,N,expanded,binary,
Q10_M3,문화적 환경,근무 제도,현재 운영 중인 근무 제도__선택적 근로시간제 (근무일수 & 하루 근무시간 고정 / 출퇴근 시간 조정 가능),회사에서 특별히 운영하고 있는 근무제도는 무엇이 있나요? 해당하는 것을 모두 선택해주세요.,,객관식 중복,,0=미선택|1=선택,,N,expanded,binary,
Q10_M4,문화적 환경,근무 제도,현재 운영 중인 근무 제도__탄력적 근로시간제 (일주일 근무시간 고정 / 출퇴근 시간 & 근무일수 조정 가능),회사에서 특별히 운영하고 있는 근무제도는 무엇이 있나요? 해당하는 것을 모두 선택해주세요.,,객관식 중복,,0=미선택|1=선택,,N,expanded,binary,
Q10_M5,문화적 환경,근무 제도,현재 운영 중인 근무 제도__주 4일(이하) 근무제 (조직 차원에서 주 4일(이하)로 근무일수를 정한 경우),회사에서 특별히 운영하고 있는 근무제도는 무엇이 있나요? 해당하는 것을 모두 선택해주세요.,,객관식 중복,,0=미선택|1=선택,,N,expanded,binary,
Q10_M6,문화적 환경,근무 제도,현재 운영 중인 근무 제도__기타 (직접 입력),회사에서 특별히 운영하고 있는 근무제도는 무엇이 있나요? 해당하는 것을 모두 선택해주세요.,,객관식 중복,,0=미선택|1=선택,,N,expanded,binary,
Q10_M6_TEXT,문화적 환경,근무 제도,현재 운영 중인 근무 제도__기타_텍스트,회사에서 특별히 운영하고 있는 근무제도는 무엇이 있나요? 해당하는 것을 모두 선택해주세요.,,객관식 중복,,,,Y,expanded,text,
Q11,문화적 환경,근무 제도,일주일 평균 근무 시간,한 주에 평균 몇 시간 근무하시나요? 1시간 단위로 응답해주세요.,,주관식 숫자,,,시간,N,raw,number,
Q12,문화적 환경,근무 제도,이상적인 사무실 출근일수,"‘오피스 외 다른 곳에서 일하는 원격근무’가 가능할 때, 오피스 출근일은 일주일에 며칠이 적당하다고 생각하시나요?",주 0일 (매일 재택 또는 원격근무)|주 1일|주 2일|주 3일|주 4일|주 5일 이상 (매일 오피스 근무),객관식 단일,6,1=주 0일 (매일 재택 또는 원격근무)|2=주 1일|3=주 2일|4=주 3일|5=주 4일|6=주 5일 이상 (매일 오피스 근무),,N,raw,label,
D1,문화적 환경,근무 제도,이상적인 사무실 출근일수_숫자,"‘오피스 외 다른 곳에서 일하는 원격근무’가 가능할 때, 오피스 출근일은 일주일에 며칠이 적당하다고 생각하시나요?",,주관식 숫자,,,일,N,derived,number,'이상적인 사무실 출근일수' 에서 응답한 보기의 숫자 ex. 주5일 선택일 경우 숫자 '5'로 환산
Q13,문화적 환경,근무 제도,올해 이용해 본 근무 장소,다음 중 올해(2023년) 정규 근무 시간에 업무 장소로 이용해 본 곳을 모두 선택해주세요.,보기 중 근무 장소로 이용해 본 장소 없음|오피스|집|카페|공유오피스 (개인 지불)|공유오피스 (회사 지불)|거점오피스|휴양지의 숙소 또는 업무 시설 (워케이션)|가상/메타버스 오피스 (온라인 공간)|기타 (직접 입력),객관식 중복,10,1=보기 중 근무 장소로 이용해 본 장소 없음|2=오피스|3=집|4=카페|5=공유오피스 (개인 지불)|6=공유오피스 (회사 지불)|7=거점오피스|8=휴양지의 숙소 또는 업무 시설 (워케이션)|9=가상/메타버스 오피스 (온라인 공간)|10=기타 (직접 입력),,Y,raw,label,
Q13_M1,문화적 환경,근무 제도,올해 이용해 본 근무 장소__보기 중 근무 장소로 이용해 본 장소 없음,다음 중 올해(2023년) 정규 근무 시간에 업무 장소로 이용해 본 곳을 모두 선택해주세요.,,객관식 중복,,0=미선택|1=선택,,N,expanded,binary,
Q13_M2,문화적 환경,근무 제도,올해 이용해 본 근무 장소__오피스,다음 중 올해(2023년) 정규 근무 시간에 업무 장소로 이용해 본 곳을 모두 선택해주세요.,,객관식 중복,,0=미선택|1=선택,,N,expanded,binary,
Q13_M3,문화적 환경,근무 제도,올해 이용해 본 근무 장소__집,다음 중 올해(2023년) 정규 근무 시간에 업무 장소로 이용해 본 곳을 모두 선택해주세요.,,객관식 중복,,0=미선택|1=선택,,N,expanded,binary,
Q13_M4,문화적 환경,근무 제도,올해 이용해 본 근무 장소__카페,다음 중 올해(2023년) 정규 근무 시간에 업무 장소로 이용해 본 곳을 모두 선택해주세요.,,객관식 중복,,0=미선택|1=선택,,N,expanded,binary,
Q13_M5,문화적 환경,근무 제도,올해 이용해 본 근무 장소__공유오피스 (개인 지불),다음 중 올해(2023년) 정규 근무 시간에 업무 장소로 이용해 본 곳을 모두 선택해주세요.,,객관식 중복,,0=미선택|1=선택,,N,expanded,binary,
Q13_M6,문화적 환경,근무 제도,올해 이용해 본 근무 장소__공유오피스 (회사 지불),다음 중 올해(2023년) 정규 근무 시간에 업무 장소로 이용해 본 곳을 모두 선택해주세요.,,객관식 중복,,0=미선택|1=선택,,N,expanded,binary,
Q13_M7,문화적 환경,근무 제도,올해 이용해 본 근무 장소__거점오피스,다음 중 올해(2023년) 정규 근무 시간에 업무 장소로 이용해 본 곳을 모두 선택해주세요.,,객관식 중복,,0=미선택|1=선택,,N,expanded,binary,
Q13_M8,문화적 환경,근무 제도,올해 이용해 본 근무 장소__휴양지의 숙소 또는 업무 시설 (워케이션),다음 중 올해(2023년) 정규 근무 시간에 업무 장소로 이용해 본 곳을 모두 선택해주세요.,,객관식 중복,,0=미선택|1=선택,,N,expanded,binary,
Q13_M9,문화적 환경,근무 제도,올해 이용해 본 근무 장소__가상/메타버스 오피스 (온라인 공간),다음 중 올해(2023년) 정규 근무 시간에 업무 장소로 이용해 본 곳을 모두 선택해주세요.,,객관식 중복,,0=미선택|1=선택,,N,expanded,binary,
Q13_M10,문화적 환경,근무 제도,올해 이용해 본 근무 장소__기타 (직접 입력),다음 중 올해(2023년) 정규 근무 시간에 업무 장소로 이용해 본 곳을 모두 선택해주세요.,,객관식 중복,,0=미선택|1=선택,,N,expanded,binary,
Q13_M10_TEXT,문화적 환경,근무 제도,올해 이용해 본 근무 장소__기타_텍스트,다음 중 올해(2023년) 정규 근무 시간에 업무 장소로 이용해 본 곳을 모두 선택해주세요.,,객관식 중복,,,,Y,expanded,text,
Q14,문화적 환경,근무 제도,올해 자주 이용한 업무 장소 순위,다음 근무 장소들 중 올해(2023년) 가장 많이 이용한 곳을 순서대로 최대 3개 선택해주세요.,오피스|집|카페|공유오피스 (개인 지불)|공유오피스 (회사 지불)|거점오피스|휴양지의 숙소 또는 업무 시설 (워케이션)|가상/메타버스 오피스 (온라인 공간)|기타 (직접 입력),객관식 순위,9,1=오피스|2=집|3=카페|4=공유오피스 (개인 지불)|5=공유오피스 (회사 지불)|6=거점오피스|7=휴양지의 숙소 또는 업무 시설 (워케이션)|8=가상/메타버스 오피스 (온라인 공간)|9=기타 (직접 입력),,Y,raw,label,
Q14_R1,문화적 환경,근무 제도,올해 자주 이용한 업무 장소 순위__1순위,다음 근무 장소들 중 올해(2023년) 가장 많이 이용한 곳을 순서대로 최대 3개 선택해주세요.,,객관식 순위,9,1=오피스|2=집|3=카페|4=공유오피스 (개인 지불)|5=공유오피스 (회사 지불)|6=거점오피스|7=휴양지의 숙소 또는 업무 시설 (워케이션)|8=가상/메타버스 오피스 (온라인 공간)|9=기타 (직접 입력),,N,expanded,label,
Q14_R2,문화적 환경,근무 제도,올해 자주 이용한 업무 장소 순위__2순위,다음 근무 장소들 중 올해(2023년) 가장 많이 이용한 곳을 순서대로 최대 3개 선택해주세요.,,객관식 순위,9,1=오피스|2=집|3=카페|4=공유오피스 (개인 지불)|5=공유오피스 (회사 지불)|6=거점오피스|7=휴양지의 숙소 또는 업무 시설 (워케이션)|8=가상/메타버스 오피스 (온라인 공간)|9=기타 (직접 입력),,N,expanded,label,
Q14_R3,문화적 환경,근무 제도,올해 자주 이용한 업무 장소 순위__3순위,다음 근무 장소들 중 올해(2023년) 가장 많이 이용한 곳을 순서대로 최대 3개 선택해주세요.,,객관식 순위,9,1=오피스|2=집|3=카페|4=공유오피스 (개인 지불)|5=공유오피스 (회사 지불)|6=거점오피스|7=휴양지의 숙소 또는 업무 시설 (워케이션)|8=가상/메타버스 오피스 (온라인 공간)|9=기타 (직접 입력),,N,expanded,label,
Q14_TEXT,문화적 환경,근무 제도,올해 자주 이용한 업무 장소 순위__기타_텍스트,다음 근무 장소들 중 올해(2023년) 가장 많이 이용한 곳을 순서대로 최대 3개 선택해주세요.,,객관식 순위,,,,Y,expanded,text,
Q15,문화적 환경,근무 제도,집중 업무 시 선호하는 업무 장소,집중해서 일해야 할 때 선호하는 곳을 순서대로 최대 3개 선택해 주세요.,오피스|집|카페|거점오피스 (회사에서 비용 지불한 공유오피스 포함)|휴양지의 숙소 또는 업무 시설 (워케이션)|가상/메타버스 오피스 (온라인 공간)|기타 (직접 입력),객관식 순위,7,1=오피스|2=집|3=카페|4=거점오피스 (회사에서 비용 지불한 공유오피스 포함)|5=휴양지의 숙소 또는 업무 시설 (워케이션)|6=가상/메타버스 오피스 (온라인 공간)|7=기타 (직접 입력),,Y,raw,label,
Q15_R1,문화적 환경,근무 제도,집중 업무 시 선호하는 업무 장소__1순위,집중해서 일해야 할 때 선호하는 곳을 순서대로 최대 3개 선택해 주세요.,,객관식 순위,7,1=오피스|2=집|3=카페|4=거점오피스 (회사에서 비용 지불한 공유오피스 포함)|5=휴양지의 숙소 또는 업무 시설 (워케이션)|6=가상/메타버스 오피스 (온라인 공간)|7=기타 (직접 입력),,N,expanded,label,
Q15_R2,문화적 환경,근무 제도,집중 업무 시 선호하는 업무 장소__2순위,집중해서 일해야 할 때 선호하는 곳을 순서대로 최대 3개 선택해 주세요.,,객관식 순위,7,1=오피스|2=집|3=카페|4=거점오피스 (회사에서 비용 지불한 공유오피스 포함)|5=휴양지의 숙소 또는 업무 시설 (워케이션)|6=가상/메타버스 오피스 (온라인 공간)|7=기타 (직접 입력),,N,expanded,label,
Q15_R3,문화적 환경,근무 제도,집중 업무 시 선호하는 업무 장소__3순위,집중해서 일해야 할 때 선호하는 곳을 순서대로 최대 3개 선택해 주세요.,,객관식 순위,7,1=오피스|2=집|3=카페|4=거점오피스 (회사에서 비용 지불한 공유오피스 포함)|5=휴양지의 숙소 또는 업무 시설 (워케이션)|6=가상/메타버스 오피스 (온라인 공간)|7=기타 (직접 입력),,N,expanded,label,
Q15_TEXT,문화적 환경,근무 제도,집중 업무 시 선호하는 업무 장소__기타_텍스트,집중해서 일해야 할 때 선호하는 곳을 순서대로 최대 3개 선택해 주세요.,,객관식 순위,,,,Y,expanded,text,
Q16,문화적 환경,근무 제도,창의 업무 시 선호하는 업무 장소,창의적으로 일해야 할 때 선호하는 곳을 순서대로 최대 3개 선택해 주세요.,오피스|집|카페|거점오피스 (회사에서 비용 지불한 공유오피스 포함)|휴양지의 숙소 또는 업무 시설 (워케이션)|가상/메타버스 오피스 (온라인 공간)|기타 (직접 입력),객관식 순위,7,1=오피스|2=집|3=카페|4=거점오피스 (회사에서 비용 지불한 공유오피스 포함)|5=휴양지의 숙소 또는 업무 시설 (워케이션)|6=가상/메타버스 오피스 (온라인 공간)|7=기타 (직접 입력),,Y,raw,label,
Q16_R1,문화적 환경,근무 제도,창의 업무 시 선호하는 업무 장소__1순위,창의적으로 일해야 할 때 선호하는 곳을 순서대로 최대 3개 선택해 주세요.,,객관식 순위,7,1=오피스|2=집|3=카페|4=거점오피스 (회사에서 비용 지불한 공유오피스 포함)|5=휴양지의 숙소 또는 업무 시설 (워케이션)|6=가상/메타버스 오피스 (온라인 공간)|7=기타 (직접 입력),,N,expanded,label,
Q16_R2,문화적 환경,근무 제도,창의 업무 시 선호하는 업무 장소__2순위,창의적으로 일해야 할 때 선호하는 곳을 순서대로 최대 3개 선택해 주세요.,,객관식 순위,7,1=오피스|2=집|3=카페|4=거점오피스 (회사에서 비용 지불한 공유오피스 포함)|5=휴양지의 숙소 또는 업무 시설 (워케이션)|6=가상/메타버스 오피스 (온라인 공간)|7=기타 (직접 입력),,N,expanded,label,
Q16_R3,문화적 환경,근무 제도,창의 업무 시 선호하는 업무 장소__3순위,창의적으로 일해야 할 때 선호하는 곳을 순서대로 최대 3개 선택해 주세요.,,객관식 순위,7,1=오피스|2=집|3=카페|4=거점오피스 (회사에서 비용 지불한 공유오피스 포함)|5=휴양지의 숙소 또는 업무 시설 (워케이션)|6=가상/메타버스 오피스 (온라인 공간)|7=기타 (직접 입력),,N,expanded,label,
Q16_TEXT,문화적 환경,근무 제도,창의 업무 시 선호하는 업무 장소__기타_텍스트,창의적으로 일해야 할 때 선호하는 곳을 순서대로 최대 3개 선택해 주세요.,,객관식 순위,,,,Y,expanded,text,
Q17,문화적 환경,근무 제도,오피스가 다른 장소보다 더 나은 점,‘오피스’가 다른 근무 장소들보다 더 낫다고 느끼는 이유를 순서대로 최대 5개 선택해주세요.,"오피스가 다른 근무 장소들보다 더 낫다고 느끼지 않음|동료들과 사회적 관계 구축|업무하기 편(리)한 공간|리프레시 되는 좋은 환경 /분위기|내 몸에 맞출 수 있는 책상이나 의자|기술적 지원/인프라|통합 OA공간, 미디어 제작실 등 지원 공간|생활 편의 시설(헬스케어, 식당 등)|상급자와 즉각적 업무 진행 및 정보 공유|동료와의 대면 소통/미팅|팀워크로 하는 업무|원격 협업 프로세스 진행|승진 등 회사 생활에서 필요한 기회에 대한 접근|업무 코칭 및 피드백|강연 및 교육 참여|새로운 조직 구성원을 위한 온보딩 프로그램 진행|클라이언트, 협업사와 대면 미팅|기타 (직접 입력)",객관식 순위,18,"1=오피스가 다른 근무 장소들보다 더 낫다고 느끼지 않음|2=동료들과 사회적 관계 구축|3=업무하기 편(리)한 공간|4=리프레시 되는 좋은 환경 /분위기|5=내 몸에 맞출 수 있는 책상이나 의자|6=기술적 지원/인프라|7=통합 OA공간, 미디어 제작실 등 지원 공간|8=생활 편의 시설(헬스케어, 식당 등)|9=상급자와 즉각적 업무 진행 및 정보 공유|10=동료와의 대면 소통/미팅|11=팀워크로 하는 업무|12=원격 협업 프로세스 진행|13=승진 등 회사 생활에서 필요한 기회에 대한 접근|14=업무 코칭 및 피드백|15=강연 및 교육 참여|16=새로운 조직 구성원을 위한 온보딩 프로그램 진행|17=클라이언트, 협업사와 대면 미팅|18=기타 (직접 입력)",,Y,raw,label,
Q17_R1,문화적 환경,근무 제도,오피스가 다른 장소보다 더 나은 점__1순위,‘오피스’가 다른 근무 장소들보다 더 낫다고 느끼는 이유를 순서대로 최대 5개 선택해주세요.,,객관식 순위,18,"1=오피스가 다른 근무 장소들보다 더 낫다고 느끼지 않음|2=동료들과 사회적 관계 구축|3=업무하기 편(리)한 공간|4=리프레시 되는 좋은 환경 /분위기|5=내 몸에 맞출 수 있는 책상이나 의자|6=기술적 지원/인프라|7=통합 OA공간, 미디어 제작실 등 지원 공간|8=생활 편의 시설(헬스케어, 식당 등)|9=상급자와 즉각적 업무 진행 및 정보 공유|10=동료와의 대면 소통/미팅|11=팀워크로 하는 업무|12=원격 협업 프로세스 진행|13=승진 등 회사 생활에서 필요한 기회에 대한 접근|14=업무 코칭 및 피드백|15=강연 및 교육 참여|16=새로운 조직 구성원을 위한 온보딩 프로그램 진행|17=클라이언트, 협업사와 대면 미팅|18=기타 (직접 입력)",,N,expanded,label,
Q17_R2,문화적 환경,근무 제도,오피스가 다른 장소보다 더 나은 점__2순위,‘오피스’가 다른 근무 장소들보다 더 낫다고 느끼는 이유를 순서대로 최대 5개 선택해주세요.,,객관식 순위,18,"1=오피스가 다른 근무 장소들보다 더 낫다고 느끼지 않음|2=동료들과 사회적 관계 구축|3=업무하기 편(리)한 공간|4=리프레시 되는 좋은 환경 /분위기|5=내 몸에 맞출 수 있는 책상이나 의자|6=기술적 지원/인프라|7=통합 OA공간, 미디어 제작실 등 지원 공간|8=생활 편의 시설(헬스케어, 식당 등)|9=상급자와 즉각적 업무 진행 및 정보 공유|10=동료와의 대면 소통/미팅|11=팀워크로 하는 업무|12=원격 협업 프로세스 진행|13=승진 등 회사 생활에서 필요한 기회에 대한 접근|14=업무 코칭 및 피드백|15=강연 및 교육 참여|16=새로운 조직 구성원을 위한 온보딩 프로그램 진행|17=클라이언트, 협업사와 대면 미팅|18=기타 (직접 입력)",,N,expanded,label,
Q17_R3,문화적 환경,근무 제도,오피스가 다른 장소보다 더 나은 점__3순위,‘오피스’가 다른 근무 장소들보다 더 낫다고 느끼는 이유를 순서대로 최대 5개 선택해주세요.,,객관식 순위,18,"1=오피스가 다른 근무 장소들보다 더 낫다고 느끼지 않음|2=동료들과 사회적 관계 구축|3=업무하기 편(리)한 공간|4=리프레시 되는 좋은 환경 /분위기|5=내 몸에 맞출 수 있는 책상이나 의자|6=기술적 지원/인프라|7=통합 OA공간, 미디어 제작실 등 지원 공간|8=생활 편의 시설(헬스케어, 식당 등)|9=상급자와 즉각적 업무 진행 및 정보 공유|10=동료와의 대면 소통/미팅|11=팀워크로 하는 업무|12=원격 협업 프로세스 진행|13=승진 등 회사 생활에서 필요한 기회에 대한 접근|14=업무 코칭 및 피드백|15=강연 및 교육 참여|16=새로운 조직 구성원을 위한 온보딩 프로그램 진행|17=클라이언트, 협업사와 대면 미팅|18=기타 (직접 입력)",,N,expanded,label,
Q17_R4,문화적 환경,근무 제도,오피스가 다른 장소보다 더 나은 점__4순위,‘오피스’가 다른 근무 장소들보다 더 낫다고 느끼는 이유를 순서대로 최대 5개 선택해주세요.,,객관식 순위,18,"1=오피스가 다른 근무 장소들보다 더 낫다고 느끼지 않음|2=동료들과 사회적 관계 구축|3=업무하기 편(리)한 공간|4=리프레시 되는 좋은 환경 /분위기|5=내 몸에 맞출 수 있는 책상이나 의자|6=기술적 지원/인프라|7=통합 OA공간, 미디어 제작실 등 지원 공간|8=생활 편의 시설(헬스케어, 식당 등)|9=상급자와 즉각적 업무 진행 및 정보 공유|10=동료와의 대면 소통/미팅|11=팀워크로 하는 업무|12=원격 협업 프로세스 진행|13=승진 등 회사 생활에서 필요한 기회에 대한 접근|14=업무 코칭 및 피드백|15=강연 및 교육 참여|16=새로운 조직 구성원을 위한 온보딩 프로그램 진행|17=클라이언트, 협업사와 대면 미팅|18=기타 (직접 입력)",,N,expanded,label,
Q17_R5,문화적 환경,근무 제도,오피스가 다른 장소보다 더 나은 점__5순위,‘오피스’가 다른 근무 장소들보다 더 낫다고 느끼는 이유를 순서대로 최대 5개 선택해주세요.,,객관식 순위,18,"1=오피스가 다른 근무 장소들보다 더 낫다고 느끼지 않음|2=동료들과 사회적 관계 구축|3=업무하기 편(리)한 공간|4=리프레시 되는 좋은 환경 /분위기|5=내 몸에 맞출 수 있는 책상이나 의자|6=기술적 지원/인프라|7=통합 OA공간, 미디어 제작실 등 지원 공간|8=생활 편의 시설(헬스케어, 식당 등)|9=상급자와 즉각적 업무 진행 및 정보 공유|10=동료와의 대면 소통/미팅|11=팀워크로 하는 업무|12=원격 협업 프로세스 진행|13=승진 등 회사 생활에서 필요한 기회에 대한 접근|14=업무 코칭 및 피드백|15=강연 및 교육 참여|16=새로운 조직 구성원을 위한 온보딩 프로그램 진행|17=클라이언트, 협업사와 대면 미팅|18=기타 (직접 입력)",,N,expanded,label,
Q17_TEXT,문화적 환경,근무 제도,오피스가 다른 장소보다 더 나은 점__기타_텍스트,‘오피스’가 다른 근무 장소들보다 더 낫다고 느끼는 이유를 순서대로 최대 5개 선택해주세요.,,객관식 순위,,,,Y,expanded,text,
Q18,문화적 환경,근무 제도,오피스 외 장소에서 일하고 싶은 이유,"오피스가 아닌 다른 근무 장소*들에서 근무하고 싶은 이유를 순서대로 최대 3개 선택해주세요. *(원격 근무 시) 집, 카페, 거점 오피스, 워케이션 공간, 가상/메타버스 오피스 등.",오피스가 아닌 다른 근무 장소들이 더 낫다고 느끼지 않음|출퇴근 소요 에너지 절약|내 업무 내용과 컨디션에 맞게 근무지 선택|나에게 맞춰 자유롭게 업무 환경 세팅|업무 시간 자유롭게 운용|자율적 업무 프로세스 진행|편안한 근무 복장|업무 방해 없이 온전히 몰입 근무|원격 협업 프로세스 진행|업무 종료 후 여가 생활|오피스가 아닌 비일상적 경험|기타 (직접 입력),객관식 순위,12,1=오피스가 아닌 다른 근무 장소들이 더 낫다고 느끼지 않음|2=출퇴근 소요 에너지 절약|3=내 업무 내용과 컨디션에 맞게 근무지 선택|4=나에게 맞춰 자유롭게 업무 환경 세팅|5=업무 시간 자유롭게 운용|6=자율적 업무 프로세스 진행|7=편안한 근무 복장|8=업무 방해 없이 온전히 몰입 근무|9=원격 협업 프로세스 진행|10=업무 종료 후 여가 생활|11=오피스가 아닌 비일상적 경험|12=기타 (직접 입력),,Y,raw,label,
Q18_R1,문화적 환경,근무 제도,오피스 외 장소에서 일하고 싶은 이유__1순위,"오피스가 아닌 다른 근무 장소*들에서 근무하고 싶은 이유를 순서대로 최대 3개 선택해주세요. *(원격 근무 시) 집, 카페, 거점 오피스, 워케이션 공간, 가상/메타버스 오피스 등.",,객관식 순위,12,1=오피스가 아닌 다른 근무 장소들이 더 낫다고 느끼지 않음|2=출퇴근 소요 에너지 절약|3=내 업무 내용과 컨디션에 맞게 근무지 선택|4=나에게 맞춰 자유롭게 업무 환경 세팅|5=업무 시간 자유롭게 운용|6=자율적 업무 프로세스 진행|7=편안한 근무 복장|8=업무 방해 없이 온전히 몰입 근무|9=원격 협업 프로세스 진행|10=업무 종료 후 여가 생활|11=오피스가 아닌 비일상적 경험|12=기타 (직접 입력),,N,expanded,label,
Q18_R2,문화적 환경,근무 제도,오피스 외 장소에서 일하고 싶은 이유__2순위,"오피스가 아닌 다른 근무 장소*들에서 근무하고 싶은 이유를 순서대로 최대 3개 선택해주세요. *(원격 근무 시) 집, 카페, 거점 오피스, 워케이션 공간, 가상/메타버스 오피스 등.",,객관식 순위,12,1=오피스가 아닌 다른 근무 장소들이 더 낫다고 느끼지 않음|2=출퇴근 소요 에너지 절약|3=내 업무 내용과 컨디션에 맞게 근무지 선택|4=나에게 맞춰 자유롭게 업무 환경 세팅|5=업무 시간 자유롭게 운용|6=자율적 업무 프로세스 진행|7=편안한 근무 복장|8=업무 방해 없이 온전히 몰입 근무|9=원격 협업 프로세스 진행|10=업무 종료 후 여가 생활|11=오피스가 아닌 비일상적 경험|12=기타 (직접 입력),,N,expanded,label,
Q18_R3,문화적 환경,근무 제도,오피스 외 장소에서 일하고 싶은 이유__3순위,"오피스가 아닌 다른 근무 장소*들에서 근무하고 싶은 이유를 순서대로 최대 3개 선택해주세요. *(원격 근무 시) 집, 카페, 거점 오피스, 워케이션 공간, 가상/메타버스 오피스 등.",,객관식 순위,12,1=오피스가 아닌 다른 근무 장소들이 더 낫다고 느끼지 않음|2=출퇴근 소요 에너지 절약|3=내 업무 내용과 컨디션에 맞게 근무지 선택|4=나에게 맞춰 자유롭게 업무 환경 세팅|5=업무 시간 자유롭게 운용|6=자율적 업무 프로세스 진행|7=편안한 근무 복장|8=업무 방해 없이 온전히 몰입 근무|9=원격 협업 프로세스 진행|10=업무 종료 후 여가 생활|11=오피스가 아닌 비일상적 경험|12=기타 (직접 입력),,N,expanded,label,
Q18_TEXT,문화적 환경,근무 제도,오피스 외 장소에서 일하고 싶은 이유__기타_텍스트,"오피스가 아닌 다른 근무 장소*들에서 근무하고 싶은 이유를 순서대로 최대 3개 선택해주세요. *(원격 근무 시) 집, 카페, 거점 오피스, 워케이션 공간, 가상/메타버스 오피스 등.",,객관식 순위,,,,Y,expanded,text,
Q19,문화적 환경,일하는 방식,선호하는 근무 방식,다음 중 가장 선호하는 근무 방식을 선택해주세요.,모두 같은 장소/같은 시간에 업무|모두 같은 장소/각자 원하는 시간에 업무|각자 원하는 장소/모두 같은 시간에 업무|각자 원하는 장소/원하는 시간에 업무,객관식 단일,4,1=모두 같은 장소/같은 시간에 업무|2=모두 같은 장소/각자 원하는 시간에 업무|3=각자 원하는 장소/모두 같은 시간에 업무|4=각자 원하는 장소/원하는 시간에 업무,,N,raw,label,
Q20,문화적 환경,일하는 방식,선호하는 업무 분위기,귀하가 선호하는 업무 분위기는 어디에 가까운가요? -. 조직적이고 체계적인 분위기에서 일하는 것을 선호한다. -. 수평적이고 유연한 분위기에서 일하는 것을 선호한다,조직적/체계적 분위기||||수평적/유연한 분위기,객관식 척도,5,1=조직적/체계적 분위기|2=|3=|4=|5=수평적/유연한 분위기,,N,raw,score,
Q21,문화적 환경,일하는 방식,업무 특성 (독립/협업),귀하의 업무 특성은 어디에 가까운가요? - 독립: 내 일은 혼자 하는 업무가 많은 편이다. - 협업: 내 일은 다른 구성원들과의 소통과 협업이 많은 편이다.,독립 업무 중심||||협업 업무 중심,객관식 척도,5,1=독립 업무 중심|2=|3=|4=|5=협업 업무 중심,,N,raw,score,
Q22,문화적 환경,일하는 방식,업무 특성 (정형/창의),귀하의 업무 특성은 어디에 가까운가요? - 정형: 내 일은 상호 합의된 프로세스와 시스템 안에서 진행하는 것이 중요하다. - 창의: 내 일은 새로운 시도를 통한 창의적인 결과물 도출이 중요하다.,정형 업무 중심||||창의 업무 중심,객관식 척도,5,1=정형 업무 중심|2=|3=|4=|5=창의 업무 중심,,N,raw,score,
Q23,문화적 환경,일하는 방식,리더 유형(관계지향/성과지향),현재 귀하의 직속 리더는 어떤 유형에 가까운가요? - 관계지향형: 구성원간 사회적 관계가 업무에 주는 영향력을 중시하는 리더 - 성과지향형: 과업 목적 달성을 통한 성과 창출을 업무에서 가장 우선시하는 리더,관계 지향형 리더||||성과 지향형 리더,객관식 척도,5,1=관계 지향형 리더|2=|3=|4=|5=성과 지향형 리더,,N,raw,score,
Q24,문화적 환경,일하는 방식,리더 유형(관리형/위임형),현재 귀하의 직속 리더는 어떤 유형에 가까운가요? - 관리형: 실무진의 업무를 꼼꼼하게 관리하는 리더 - 위임형: 실무진에게 의사결정 과정을 위임하는 리더,관리형 리더||||위임형 리더,객관식 척도,5,1=관리형 리더|2=|3=|4=|5=위임형 리더,,N,raw,score,
Q25,문화적 환경,일하는 방식,회의 유형,보기로 주어진 회의 유형들을 참석 빈도가 높은 순으로 나열해주세요.,팀/유관 부서와 정보를 공유하는 회의|새로운 아이디어를 발산하는 회의|문제 해결 또는 의사 결정을 위한 회의|업무 진행 상황/결과물을 보고하는 회의|기타 (직접 입력),객관식 순위,5,1=팀/유관 부서와 정보를 공유하는 회의|2=새로운 아이디어를 발산하는 회의|3=문제 해결 또는 의사 결정을 위한 회의|4=업무 진행 상황/결과물을 보고하는 회의|5=기타 (직접 입력),,Y,raw,label,
Q25_R1,문화적 환경,일하는 방식,회의 유형__1순위,보기로 주어진 회의 유형들을 참석 빈도가 높은 순으로 나열해주세요.,,객관식 순위,5,1=팀/유관 부서와 정보를 공유하는 회의|2=새로운 아이디어를 발산하는 회의|3=문제 해결 또는 의사 결정을 위한 회의|4=업무 진행 상황/결과물을 보고하는 회의|5=기타 (직접 입력),,N,expanded,label,
Q25_R2,문화적 환경,일하는 방식,회의 유형__2순위,보기로 주어진 회의 유형들을 참석 빈도가 높은 순으로 나열해주세요.,,객관식 순위,5,1=팀/유관 부서와 정보를 공유하는 회의|2=새로운 아이디어를 발산하는 회의|3=문제 해결 또는 의사 결정을 위한 회의|4=업무 진행 상황/결과물을 보고하는 회의|5=기타 (직접 입력),,N,expanded,label,
Q25_R3,문화적 환경,일하는 방식,회의 유형__3순위,보기로 주어진 회의 유형들을 참석 빈도가 높은 순으로 나열해주세요.,,객관식 순위,5,1=팀/유관 부서와 정보를 공유하는 회의|2=새로운 아이디어를 발산하는 회의|3=문제 해결 또는 의사 결정을 위한 회의|4=업무 진행 상황/결과물을 보고하는 회의|5=기타 (직접 입력),,N,expanded,label,
Q25_R4,문화적 환경,일하는 방식,회의 유형__4순위,보기로 주어진 회의 유형들을 참석 빈도가 높은 순으로 나열해주세요.,,객관식 순위,5,1=팀/유관 부서와 정보를 공유하는 회의|2=새로운 아이디어를 발산하는 회의|3=문제 해결 또는 의사 결정을 위한 회의|4=업무 진행 상황/결과물을 보고하는 회의|5=기타 (직접 입력),,N,expanded,label,
Q25_R5,문화적 환경,일하는 방식,회의 유형__5순위,보기로 주어진 회의 유형들을 참석 빈도가 높은 순으로 나열해주세요.,,객관식 순위,5,1=팀/유관 부서와 정보를 공유하는 회의|2=새로운 아이디어를 발산하는 회의|3=문제 해결 또는 의사 결정을 위한 회의|4=업무 진행 상황/결과물을 보고하는 회의|5=기타 (직접 입력),,N,expanded,label,
Q25_TEXT,문화적 환경,일하는 방식,회의 유형__기타_텍스트,보기로 주어진 회의 유형들을 참석 빈도가 높은 순으로 나열해주세요.,,객관식 순위,,,,Y,expanded,text,
Q26,문화적 환경,일하는 방식,회의 진행 시간,보기로 주어진 회의 진행 시간들을 참석 빈도가 높은 순으로 나열해주세요.,30분 이내|30분~1시간|1시간~2시간|2시간 이상,객관식 순위,4,1=30분 이내|2=30분~1시간|3=1시간~2시간|4=2시간 이상,,N,raw,label,
Q26_R1,문화적 환경,일하는 방식,회의 진행 시간__1순위,보기로 주어진 회의 진행 시간들을 참석 빈도가 높은 순으로 나열해주세요.,,객관식 순위,4,1=30분 이내|2=30분~1시간|3=1시간~2시간|4=2시간 이상,,N,expanded,label,
Q26_R2,문화적 환경,일하는 방식,회의 진행 시간__2순위,보기로 주어진 회의 진행 시간들을 참석 빈도가 높은 순으로 나열해주세요.,,객관식 순위,4,1=30분 이내|2=30분~1시간|3=1시간~2시간|4=2시간 이상,,N,expanded,label,
Q26_R3,문화적 환경,일하는 방식,회의 진행 시간__3순위,보기로 주어진 회의 진행 시간들을 참석 빈도가 높은 순으로 나열해주세요.,,객관식 순위,4,1=30분 이내|2=30분~1시간|3=1시간~2시간|4=2시간 이상,,N,expanded,label,
Q26_R4,문화적 환경,일하는 방식,회의 진행 시간__4순위,보기로 주어진 회의 진행 시간들을 참석 빈도가 높은 순으로 나열해주세요.,,객관식 순위,4,1=30분 이내|2=30분~1시간|3=1시간~2시간|4=2시간 이상,,N,expanded,label,
Q27,문화적 환경,일하는 방식,회의 규모,보기로 주어진 회의 규모들을 참석 빈도가 높은 순으로 나열해주세요.,4인 이하|5~8인|9~16인|17인 이상,객관식 순위,4,1=4인 이하|2=5~8인|3=9~16인|4=17인 이상,,N,raw,label,
Q27_R1,문화적 환경,일하는 방식,회의 규모__1순위,보기로 주어진 회의 규모들을 참석 빈도가 높은 순으로 나열해주세요.,,객관식 순위,4,1=4인 이하|2=5~8인|3=9~16인|4=17인 이상,,N,expanded,label,
Q27_R2,문화적 환경,일하는 방식,회의 규모__2순위,보기로 주어진 회의 규모들을 참석 빈도가 높은 순으로 나열해주세요.,,객관식 순위,4,1=4인 이하|2=5~8인|3=9~16인|4=17인 이상,,N,expanded,label,
Q27_R3,문화적 환경,일하는 방식,회의 규모__3순위,보기로 주어진 회의 규모들을 참석 빈도가 높은 순으로 나열해주세요.,,객관식 순위,4,1=4인 이하|2=5~8인|3=9~16인|4=17인 이상,,N,expanded,label,
Q27_R4,문화적 환경,일하는 방식,회의 규모__4순위,보기로 주어진 회의 규모들을 참석 빈도가 높은 순으로 나열해주세요.,,객관식 순위,4,1=4인 이하|2=5~8인|3=9~16인|4=17인 이상,,N,expanded,label,
Q28,문화적 환경,일하는 방식,개인 업무 좌석 외에 다른 곳에서 일할 수 있는 분위기인가,"귀하의 조직은 근무 시간 중 개인 업무 좌석을 벗어나 다른 오피스 공간을 사용할 수 있는 분위기/문화가 조성되어 있나요? (회의, 외근 등 계획된 일정으로 자리를 비우는 것 제외)",전혀 그렇지 못하다|그렇지 못하다|보통이다|그렇다|매우 그렇다,객관식 척도,5,1=전혀 그렇지 못하다|2=그렇지 못하다|3=보통이다|4=그렇다|5=매우 그렇다,,N,raw,score,
Q29,문화적 환경,일하는 방식,개인 업무 좌석 외에 일할 수 있는 공간이 있는가,"귀하의 오피스에는근무 시간 중 개인 업무 좌석 이외에 일할 수 있는 공간*이 별도로 마련되어 있나요? *집중업무좌석, 핫데스크, 워크라운지 등",전혀 그렇지 않다|그렇지 않은 편인다|잘 모르겠다|그런 편이다|매우 그렇다,객관식 척도,5,1=전혀 그렇지 않다|2=그렇지 않은 편인다|3=잘 모르겠다|4=그런 편이다|5=매우 그렇다,,N,raw,score,
Q30,문화적 환경,일하는 방식,개인 업무 좌석 외 별도 업무 공간 이용 횟수,"하루 평균 몇 회 개인 업무 좌석 이외의 별도로 일할 수 있는 공간*을 이용 하시나요? *집중업무좌석, 핫데스크, 워크라운지 등",,주관식 숫자,,,회,N,raw,number,
Q31,문화적 환경,일하는 방식,하루 평균 업무 몰입도,하루 평균 몇% 정도 몰입*해서 일한다고 느끼시나요? *업무 몰입은 업무 진행 결과 성과에 대한 충분한 만족과 성취감을 주는 모든 업무 방식를 의미합니다.,,주관식 숫자,,,%,N,raw,number,
Q32,문화적 환경,일하는 방식,업무 만족도,현재 본인의 업무에 대해 얼마나 만족하시나요?,매우 불만족함|불만족함|보통|만족함|매우 만족함,객관식 척도,5,1=매우 불만족함|2=불만족함|3=보통|4=만족함|5=매우 만족함,,N,raw,score,
Q33,문화적 환경,조직 문화,호칭 체계,현재 어떤 호칭 체계를 사용하고 있나요?,이름+직위 (과장 or 대리 등)|이름+별도 호칭 (프로 or 선생님 등)|이름+님|이름+씨|영어 이름|기타(직접 입력),객관식 단일,6,1=이름+직위 (과장 or 대리 등)|2=이름+별도 호칭 (프로 or 선생님 등)|3=이름+님|4=이름+씨|5=영어 이름|6=기타(직접 입력),,Y,raw,label,
Q33_TEXT,문화적 환경,조직 문화,호칭 체계__기타_텍스트,현재 어떤 호칭 체계를 사용하고 있나요?,,객관식 단일,,,,Y,expanded,text,
Q34,문화적 환경,조직 문화,수평적 호칭 체계의 긍정적 영향,"수평적 호칭 체계*가 기업에 가져올 수 있는 긍정적 영향들을 효과적이라고 생각하는 순서대로 나열해주세요. *~님, ~프로, 영어 이름","조직 내 수직적 위계 완화|효율적인 업무 보고, 소통 가능|구성원 간 사회적 친밀감 상승|서로 존중하는 문화 형성|조직 소속감 또는 유대감 증진",객관식 순위,5,"1=조직 내 수직적 위계 완화|2=효율적인 업무 보고, 소통 가능|3=구성원 간 사회적 친밀감 상승|4=서로 존중하는 문화 형성|5=조직 소속감 또는 유대감 증진",,N,raw,label,
Q34_R1,문화적 환경,조직 문화,수평적 호칭 체계의 긍정적 영향__1순위,"수평적 호칭 체계*가 기업에 가져올 수 있는 긍정적 영향들을 효과적이라고 생각하는 순서대로 나열해주세요. *~님, ~프로, 영어 이름",,객관식 순위,5,"1=조직 내 수직적 위계 완화|2=효율적인 업무 보고, 소통 가능|3=구성원 간 사회적 친밀감 상승|4=서로 존중하는 문화 형성|5=조직 소속감 또는 유대감 증진",,N,expanded,label,
Q34_R2,문화적 환경,조직 문화,수평적 호칭 체계의 긍정적 영향__2순위,"수평적 호칭 체계*가 기업에 가져올 수 있는 긍정적 영향들을 효과적이라고 생각하는 순서대로 나열해주세요. *~님, ~프로, 영어 이름",,객관식 순위,5,"1=조직 내 수직적 위계 완화|2=효율적인 업무 보고, 소통 가능|3=구성원 간 사회적 친밀감 상승|4=서로 존중하는 문화 형성|5=조직 소속감 또는 유대감 증진",,N,expanded,label,
Q34_R3,문화적 환경,조직 문화,수평적 호칭 체계의 긍정적 영향__3순위,"수평적 호칭 체계*가 기업에 가져올 수 있는 긍정적 영향들을 효과적이라고 생각하는 순서대로 나열해주세요. *~님, ~프로, 영어 이름",,객관식 순위,5,"1=조직 내 수직적 위계 완화|2=효율적인 업무 보고, 소통 가능|3=구성원 간 사회적 친밀감 상승|4=서로 존중하는 문화 형성|5=조직 소속감 또는 유대감 증진",,N,expanded,label,
Q34_R4,문화적 환경,조직 문화,수평적 호칭 체계의 긍정적 영향__4순위,"수평적 호칭 체계*가 기업에 가져올 수 있는 긍정적 영향들을 효과적이라고 생각하는 순서대로 나열해주세요. *~님, ~프로, 영어 이름",,객관식 순위,5,"1=조직 내 수직적 위계 완화|2=효율적인 업무 보고, 소통 가능|3=구성원 간 사회적 친밀감 상승|4=서로 존중하는 문화 형성|5=조직 소속감 또는 유대감 증진",,N,expanded,label,
Q34_R5,문화적 환경,조직 문화,수평적 호칭 체계의 긍정적 영향__5순위,"수평적 호칭 체계*가 기업에 가져올 수 있는 긍정적 영향들을 효과적이라고 생각하는 순서대로 나열해주세요. *~님, ~프로, 영어 이름",,객관식 순위,5,"1=조직 내 수직적 위계 완화|2=효율적인 업무 보고, 소통 가능|3=구성원 간 사회적 친밀감 상승|4=서로 존중하는 문화 형성|5=조직 소속감 또는 유대감 증진",,N,expanded,label,
Q35,문화적 환경,조직 문화,회사가 조직문화 내재화를 위해 노력하고 있는가,귀하의 기업은 구성원들이 조직문화와 핵심가치를 인지하고 내재화 할 수 있게 노력하고 있나요?,전혀 그렇지 못하다|그렇지 못하다|보통이다|그렇다|매우 그렇다,객관식 척도,5,1=전혀 그렇지 못하다|2=그렇지 못하다|3=보통이다|4=그렇다|5=매우 그렇다,,N,raw,score,
Q36,문화적 환경,조직 문화,조직 문화 내재화를 위해 시행되고 있는 방법,구성원들에게 조직문화와 핵심가치를 전달하는 방법들 중 귀하의 기업이 적용하고 있는 항목을 모두 선택해주세요.,"보기 중 해당 사항 없음|이메일, 메신저, 사내 게시판(온/오프라인) 활용|캠페인, 이벤트 (온/오프라인)|내부 교육, 워크샵 (온/오프라인)|조직 문화&가치관 문서화 자료 배포|관리자급 구성원 통한 전파|조직문화 인플루언서, 컬처 에이전트(CA) 운영|상징적 요소 활용 (로고, 슬로건)|물리적 사무환경 (건물, 인테리어, 레이아웃, 집기 선정)|기타 (직접 입력)",객관식 중복,10,"1=보기 중 해당 사항 없음|2=이메일, 메신저, 사내 게시판(온/오프라인) 활용|3=캠페인, 이벤트 (온/오프라인)|4=내부 교육, 워크샵 (온/오프라인)|5=조직 문화&가치관 문서화 자료 배포|6=관리자급 구성원 통한 전파|7=조직문화 인플루언서, 컬처 에이전트(CA) 운영|8=상징적 요소 활용 (로고, 슬로건)|9=물리적 사무환경 (건물, 인테리어, 레이아웃, 집기 선정)|10=기타 (직접 입력)",,Y,raw,label,
Q36_M1,문화적 환경,조직 문화,조직 문화 내재화를 위해 시행되고 있는 방법__보기 중 해당 사항 없음,구성원들에게 조직문화와 핵심가치를 전달하는 방법들 중 귀하의 기업이 적용하고 있는 항목을 모두 선택해주세요.,,객관식 중복,,0=미선택|1=선택,,N,expanded,binary,
Q36_M2,문화적 환경,조직 문화,"조직 문화 내재화를 위해 시행되고 있는 방법__이메일, 메신저, 사내 게시판(온/오프라인) 활용",구성원들에게 조직문화와 핵심가치를 전달하는 방법들 중 귀하의 기업이 적용하고 있는 항목을 모두 선택해주세요.,,객관식 중복,,0=미선택|1=선택,,N,expanded,binary,
Q36_M3,문화적 환경,조직 문화,"조직 문화 내재화를 위해 시행되고 있는 방법__캠페인, 이벤트 (온/오프라인)",구성원들에게 조직문화와 핵심가치를 전달하는 방법들 중 귀하의 기업이 적용하고 있는 항목을 모두 선택해주세요.,,객관식 중복,,0=미선택|1=선택,,N,expanded,binary,
Q36_M4,문화적 환경,조직 문화,"조직 문화 내재화를 위해 시행되고 있는 방법__내부 교육, 워크샵 (온/오프라인)",구성원들에게 조직문화와 핵심가치를 전달하는 방법들 중 귀하의 기업이 적용하고 있는 항목을 모두 선택해주세요.,,객관식 중복,,0=미선택|1=선택,,N,expanded,binary,
Q36_M5,문화적 환경,조직 문화,조직 문화 내재화를 위해 시행되고 있는 방법__조직 문화&가치관 문서화 자료 배포,구성원들에게 조직문화와 핵심가치를 전달하는 방법들 중 귀하의 기업이 적용하고 있는 항목을 모두 선택해주세요.,,객관식 중복,,0=미선택|1=선택,,N,expanded,binary,
Q36_M6,문화적 환경,조직 문화,조직 문화 내재화를 위해 시행되고 있는 방법__관리자급 구성원 통한 전파,구성원들에게 조직문화와 핵심가치를 전달하는 방법들 중 귀하의 기업이 적용하고 있는 항목을 모두 선택해주세요.,,객관식 중복,,0=미선택|1=선택,,N,expanded,binary,
Q36_M7,문화적 환경,조직 문화,"조직 문화 내재화를 위해 시행되고 있는 방법__조직문화 인플루언서, 컬처 에이전트(CA) 운영",구성원들에게 조직문화와 핵심가치를 전달하는 방법들 중 귀하의 기업이 적용하고 있는 항목을 모두 선택해주세요.,,객관식 중복,,0=미선택|1=선택,,N,expanded,binary,
Q36_M8,문화적 환경,조직 문화,"조직 문화 내재화를 위해 시행되고 있는 방법__상징적 요소 활용 (로고, 슬로건)",구성원들에게 조직문화와 핵심가치를 전달하는 방법들 중 귀하의 기업이 적용하고 있는 항목을 모두 선택해주세요.,,객관식 중복,,0=미선택|1=선택,,N,expanded,binary,
Q36_M9,문화적 환경,조직 문화,"조직 문화 내재화를 위해 시행되고 있는 방법__물리적 사무환경 (건물, 인테리어, 레이아웃, 집기 선정)",구성원들에게 조직문화와 핵심가치를 전달하는 방법들 중 귀하의 기업이 적용하고 있는 항목을 모두 선택해주세요.,,객관식 중복,,0=미선택|1=선택,,N,expanded,binary,
Q36_M10,문화적 환경,조직 문화,조직 문화 내재화를 위해 시행되고 있는 방법__기타 (직접 입력),구성원들에게 조직문화와 핵심가치를 전달하는 방법들 중 귀하의 기업이 적용하고 있는 항목을 모두 선택해주세요.,,객관식 중복,,0=미선택|1=선택,,N,expanded,binary,
Q36_M10_TEXT,문화적 환경,조직 문화,조직 문화 내재화를 위해 시행되고 있는 방법__기타_텍스트,구성원들에게 조직문화와 핵심가치를 전달하는 방법들 중 귀하의 기업이 적용하고 있는 항목을 모두 선택해주세요.,,객관식 중복,,,,Y,expanded,text,
Q37,문화적 환경,조직 문화,조직 문화 내재화에 효과적이라고 생각하는 방법,구성원들에게 조직문화와 핵심가치를 전달하는 방법들 중 가장 효과적이라고 생각하는 항목을 3개 선택해주세요.,"이메일, 메신저, 사내 게시판(온/오프라인) 활용|캠페인, 이벤트 (온/오프라인)|내부 교육, 워크샵 (온/오프라인)|조직 문화&가치관 문서화 자료 배포|관리자급 구성원 통한 전파|조직문화 인플루언서, 컬처 에이전트(CA) 운영|상징적 요소 활용 (로고, 슬로건)|물리적 사무환경 (건물, 인테리어, 레이아웃, 집기 선정)|기타 (직접 입력)",객관식 중복,9,"1=이메일, 메신저, 사내 게시판(온/오프라인) 활용|2=캠페인, 이벤트 (온/오프라인)|3=내부 교육, 워크샵 (온/오프라인)|4=조직 문화&가치관 문서화 자료 배포|5=관리자급 구성원 통한 전파|6=조직문화 인플루언서, 컬처 에이전트(CA) 운영|7=상징적 요소 활용 (로고, 슬로건)|8=물리적 사무환경 (건물, 인테리어, 레이아웃, 집기 선정)|9=기타 (직접 입력)",,Y,raw,label,
Q37_M1,문화적 환경,조직 문화,"조직 문화 내재화에 효과적이라고 생각하는 방법__이메일, 메신저, 사내 게시판(온/오프라인) 활용",구성원들에게 조직문화와 핵심가치를 전달하는 방법들 중 가장 효과적이라고 생각하는 항목을 3개 선택해주세요.,,객관식 중복,,0=미선택|1=선택,,N,expanded,binary,
Q37_M2,문화적 환경,조직 문화,"조직 문화 내재화에 효과적이라고 생각하는 방법__캠페인, 이벤트 (온/오프라인)",구성원들에게 조직문화와 핵심가치를 전달하는 방법들 중 가장 효과적이라고 생각하는 항목을 3개 선택해주세요.,,객관식 중복,,0=미선택|1=선택,,N,expanded,binary,
Q37_M3,문화적 환경,조직 문화,"조직 문화 내재화에 효과적이라고 생각하는 방법__내부 교육, 워크샵 (온/오프라인)",구성원들에게 조직문화와 핵심가치를 전달하는 방법들 중 가장 효과적이라고 생각하는 항목을 3개 선택해주세요.,,객관식 중복,,0=미선택|1=선택,,N,expanded,binary,
Q37_M4,문화적 환경,조직 문화,조직 문화 내재화에 효과적이라고 생각하는 방법__조직 문화&가치관 문서화 자료 배포,구성원들에게 조직문화와 핵심가치를 전달하는 방법들 중 가장 효과적이라고 생각하는 항목을 3개 선택해주세요.,,객관식 중복,,0=미선택|1=선택,,N,expanded,binary,
Q37_M5,문화적 환경,조직 문화,조직 문화 내재화에 효과적이라고 생각하는 방법__관리자급 구성원 통한 전파,구성원들에게 조직문화와 핵심가치를 전달하는 방법들 중 가장 효과적이라고 생각하는 항목을 3개 선택해주세요.,,객관식 중복,,0=미선택|1=선택,,N,expanded,binary,
Q37_M6,문화적 환경,조직 문화,"조직 문화 내재화에 효과적이라고 생각하는 방법__조직문화 인플루언서, 컬처 에이전트(CA) 운영",구성원들에게 조직문화와 핵심가치를 전달하는 방법들 중 가장 효과적이라고 생각하는 항목을 3개 선택해주세요.,,객관식 중복,,0=미선택|1=선택,,N,expanded,binary,
Q37_M7,문화적 환경,조직 문화,"조직 문화 내재화에 효과적이라고 생각하는 방법__상징적 요소 활용 (로고, 슬로건)",구성원들에게 조직문화와 핵심가치를 전달하는 방법들 중 가장 효과적이라고 생각하는 항목을 3개 선택해주세요.,,객관식 중복,,0=미선택|1=선택,,N,expanded,binary,
Q37_M8,문화적 환경,조직 문화,"조직 문화 내재화에 효과적이라고 생각하는 방법__물리적 사무환경 (건물, 인테리어, 레이아웃, 집기 선정)",구성원들에게 조직문화와 핵심가치를 전달하는 방법들 중 가장 효과적이라고 생각하는 항목을 3개 선택해주세요.,,객관식 중복,,0=미선택|1=선택,,N,expanded,binary,
Q37_M9,문화적 환경,조직 문화,조직 문화 내재화에 효과적이라고 생각하는 방법__기타 (직접 입력),구성원들에게 조직문화와 핵심가치를 전달하는 방법들 중 가장 효과적이라고 생각하는 항목을 3개 선택해주세요.,,객관식 중복,,0=미선택|1=선택,,N,expanded,binary,
Q37_M9_TEXT,문화적 환경,조직 문화,조직 문화 내재화에 효과적이라고 생각하는 방법__기타_텍스트,구성원들에게 조직문화와 핵심가치를 전달하는 방법들 중 가장 효과적이라고 생각하는 항목을 3개 선택해주세요.,,객관식 중복,,,,Y,expanded,text,
Q38,문화적 환경,조직 문화,자기 계발 지원 여부,귀하의 기업은 구성원 개인의 업무 능력 증진 또는 자기개발*을 위한 지원을 하고 있나요? *직무 관련 교육 수강 / 자격증 준비 지원 / 외국어 활용 능력 증진 교육 등,"그렇지 못하다|지원하고 있으나, 충분하지 못하다고 생각한다|충분히 지원하고 있다",객관식 단일,3,"1=그렇지 못하다|2=지원하고 있으나, 충분하지 못하다고 생각한다|3=충분히 지원하고 있다",,N,raw,label,
Q39,문화적 환경,조직 문화,심리적 안정감 중시 여부,귀하의 기업은 조직문화적으로 구성원들의 심리적 안정감*을 중요하게 생각하고 있나요? *심리적 안정감이란 직장에서 소통시 구성원간 상호 신뢰와 존중을 기반으로 비난의 걱정 없이 서로 의견을 주고 받을 수 있다는 공동의 믿음을 의미합니다.,전혀 그렇지 못하다|그렇지 못하다|보통이다|그렇다|매우 그렇다,객관식 척도,5,1=전혀 그렇지 못하다|2=그렇지 못하다|3=보통이다|4=그렇다|5=매우 그렇다,,N,raw,score,
Q40,문화적 환경,조직 문화,개인별 다양성 중시 여부,"귀하의 기업은 조직문화적으로 구성원 개인의 다양성*을 중요하게 생각하고 있나요? *연령, 성별, 국적, 장애의 유무, 성격, 성향, 생활 방식, 가치관, 세계관 등.",전혀 그렇지 못하다|그렇지 못하다|보통이다|그렇다|매우 그렇다,객관식 척도,5,1=전혀 그렇지 못하다|2=그렇지 못하다|3=보통이다|4=그렇다|5=매우 그렇다,,N,raw,score,
Q41,문화적 환경,조직 문화,구성원 존중 여부,귀하의 기업은 구성원들을 소중히 여기고 있다고 느끼시나요?,전혀 그렇지 못하다|그렇지 못하다|보통이다|그렇다|매우 그렇다,객관식 척도,5,1=전혀 그렇지 못하다|2=그렇지 못하다|3=보통이다|4=그렇다|5=매우 그렇다,,N,raw,score,
Q42,문화적 환경,조직 문화,문화적 환경 만족도,우리 회사의 일하는 방식과 제도 및 조직 문화에 얼만큼 만족하시나요?,매우 불만족함|불만족함|보통|만족함|매우 만족함,객관식 척도,5,1=매우 불만족함|2=불만족함|3=보통|4=만족함|5=매우 만족함,,N,raw,score,
Q43,기술적 환경,,보고 및 결재 방식,다음 중 가장 많이 하는 보고 및 결재 방식을 선택해주세요.,대면 보고 후 서면 결재|대면 보고 후 전자 결재|비대면 보고 후 서면 결재|비대면 보고 후 전자 결재|기타 (직접 입력),객관식 단일,5,1=대면 보고 후 서면 결재|2=대면 보고 후 전자 결재|3=비대면 보고 후 서면 결재|4=비대면 보고 후 전자 결재|5=기타 (직접 입력),,Y,raw,label,
Q43_TEXT,기술적 환경,,보고 및 결재 방식__기타_텍스트,다음 중 가장 많이 하는 보고 및 결재 방식을 선택해주세요.,,객관식 단일,,,,Y,expanded,text,
Q44,기술적 환경,,자주 활용하는 보고 자료 유형,다음 중 가장 자주 활용하는 업무 보고 자료 유형을 선택해주세요.,디지털 자료화면 공유 (PPT 파일 등)|종이 출력물 인쇄|업무 관련 물품 활용 (샘플 등)|자료 없이 구두로|기타 (직접 입력),객관식 단일,5,1=디지털 자료화면 공유 (PPT 파일 등)|2=종이 출력물 인쇄|3=업무 관련 물품 활용 (샘플 등)|4=자료 없이 구두로|5=기타 (직접 입력),,Y,raw,label,
Q44_TEXT,기술적 환경,,자주 활용하는 보고 자료 유형__기타_텍스트,다음 중 가장 자주 활용하는 업무 보고 자료 유형을 선택해주세요.,,객관식 단일,,,,Y,expanded,text,
Q45,기술적 환경,,현재 갖춰져 있는 스마트워크 환경 요소,귀하의 회사에 ‘스마트워크*’를 위한 환경으로 갖춰져 있는 항목을 모두 선택해주세요. *스마트워크는 시간과 장소에 구애받지 않고 언제 어디서나 일하는 것을 의미합니다.,"자리 예약 시스템 (전자 명패, 예약 키오스크)|회의 예약 시스템 (회의 예약, 알람, 예약 현황 패드)|도킹 시스템 (무선 기반으로 손쉬운 랩탑 사용 지원)|기업 모바일 전화 App (유선전화 대체)|화상 회의 시스템 (화상 컨퍼런스 캠, 카메라, 마이크)|스마트 회의 장비 (전자 칠판, 터치 모니터 등)|IOT 환경 조절 (모바일로 온/습도, 공기질 등 조절하는 인프라 제어 및 관리)|내부 인트라넷 (내부 문서, 결재 등 진행하는 기업 전용 포털)|온라인 협업 툴 - Slack, Teams, 노션 등 스마트 워크 툴|안면인식 게이트|스마트 출퇴근 관리 어플리케이션|로봇/AI 비서|기타 (직접 입력)",객관식 중복,13,"1=자리 예약 시스템 (전자 명패, 예약 키오스크)|2=회의 예약 시스템 (회의 예약, 알람, 예약 현황 패드)|3=도킹 시스템 (무선 기반으로 손쉬운 랩탑 사용 지원)|4=기업 모바일 전화 App (유선전화 대체)|5=화상 회의 시스템 (화상 컨퍼런스 캠, 카메라, 마이크)|6=스마트 회의 장비 (전자 칠판, 터치 모니터 등)|7=IOT 환경 조절 (모바일로 온/습도, 공기질 등 조절하는 인프라 제어 및 관리)|8=내부 인트라넷 (내부 문서, 결재 등 진행하는 기업 전용 포털)|9=온라인 협업 툴 - Slack, Teams, 노션 등 스마트 워크 툴|10=안면인식 게이트|11=스마트 출퇴근 관리 어플리케이션|12=로봇/AI 비서|13=기타 (직접 입력)",,Y,raw,label,
Q45_M1,기술적 환경,,"현재 갖춰져 있는 스마트워크 환경 요소__자리 예약 시스템 (전자 명패, 예약 키오스크)",귀하의 회사에 ‘스마트워크*’를 위한 환경으로 갖춰져 있는 항목을 모두 선택해주세요. *스마트워크는 시간과 장소에 구애받지 않고 언제 어디서나 일하는 것을 의미합니다.,,객관식 중복,,0=미선택|1=선택,,N,expanded,binary,
Q45_M2,기술적 환경,,"현재 갖춰져 있는 스마트워크 환경 요소__회의 예약 시스템 (회의 예약, 알람, 예약 현황 패드)",귀하의 회사에 ‘스마트워크*’를 위한 환경으로 갖춰져 있는 항목을 모두 선택해주세요. *스마트워크는 시간과 장소에 구애받지 않고 언제 어디서나 일하는 것을 의미합니다.,,객관식 중복,,0=미선택|1=선택,,N,expanded,binary,
Q45_M3,기술적 환경,,현재 갖춰져 있는 스마트워크 환경 요소__도킹 시스템 (무선 기반으로 손쉬운 랩탑 사용 지원),귀하의 회사에 ‘스마트워크*’를 위한 환경으로 갖춰져 있는 항목을 모두 선택해주세요. *스마트워크는 시간과 장소에 구애받지 않고 언제 어디서나 일하는 것을 의미합니다.,,객관식 중복,,0=미선택|1=선택,,N,expanded,binary,
Q45_M4,기술적 환경,,현재 갖춰져 있는 스마트워크 환경 요소__기업 모바일 전화 App (유선전화 대체),귀하의 회사에 ‘스마트워크*’를 위한 환경으로 갖춰져 있는 항목을 모두 선택해주세요. *스마트워크는 시간과 장소에 구애받지 않고 언제 어디서나 일하는 것을 의미합니다.,,객관식 중복,,0=미선택|1=선택,,N,expanded,binary,
Q45_M5,기술적 환경,,"현재 갖춰져 있는 스마트워크 환경 요소__화상 회의 시스템 (화상 컨퍼런스 캠, 카메라, 마이크)",귀하의 회사에 ‘스마트워크*’를 위한 환경으로 갖춰져 있는 항목을 모두 선택해주세요. *스마트워크는 시간과 장소에 구애받지 않고 언제 어디서나 일하는 것을 의미합니다.,,객관식 중복,,0=미선택|1=선택,,N,expanded,binary,
Q45_M6,기술적 환경,,"현재 갖춰져 있는 스마트워크 환경 요소__스마트 회의 장비 (전자 칠판, 터치 모니터 등)",귀하의 회사에 ‘스마트워크*’를 위한 환경으로 갖춰져 있는 항목을 모두 선택해주세요. *스마트워크는 시간과 장소에 구애받지 않고 언제 어디서나 일하는 것을 의미합니다.,,객관식 중복,,0=미선택|1=선택,,N,expanded,binary,
Q45_M7,기술적 환경,,"현재 갖춰져 있는 스마트워크 환경 요소__IOT 환경 조절 (모바일로 온/습도, 공기질 등 조절하는 인프라 제어 및 관리)",귀하의 회사에 ‘스마트워크*’를 위한 환경으로 갖춰져 있는 항목을 모두 선택해주세요. *스마트워크는 시간과 장소에 구애받지 않고 언제 어디서나 일하는 것을 의미합니다.,,객관식 중복,,0=미선택|1=선택,,N,expanded,binary,
Q45_M8,기술적 환경,,"현재 갖춰져 있는 스마트워크 환경 요소__내부 인트라넷 (내부 문서, 결재 등 진행하는 기업 전용 포털)",귀하의 회사에 ‘스마트워크*’를 위한 환경으로 갖춰져 있는 항목을 모두 선택해주세요. *스마트워크는 시간과 장소에 구애받지 않고 언제 어디서나 일하는 것을 의미합니다.,,객관식 중복,,0=미선택|1=선택,,N,expanded,binary,
Q45_M9,기술적 환경,,"현재 갖춰져 있는 스마트워크 환경 요소__온라인 협업 툴 - Slack, Teams, 노션 등 스마트 워크 툴",귀하의 회사에 ‘스마트워크*’를 위한 환경으로 갖춰져 있는 항목을 모두 선택해주세요. *스마트워크는 시간과 장소에 구애받지 않고 언제 어디서나 일하는 것을 의미합니다.,,객관식 중복,,0=미선택|1=선택,,N,expanded,binary,
Q45_M10,기술적 환경,,현재 갖춰져 있는 스마트워크 환경 요소__안면인식 게이트,귀하의 회사에 ‘스마트워크*’를 위한 환경으로 갖춰져 있는 항목을 모두 선택해주세요. *스마트워크는 시간과 장소에 구애받지 않고 언제 어디서나 일하는 것을 의미합니다.,,객관식 중복,,0=미선택|1=선택,,N,expanded,binary,
Q45_M11,기술적 환경,,현재 갖춰져 있는 스마트워크 환경 요소__스마트 출퇴근 관리 어플리케이션,귀하의 회사에 ‘스마트워크*’를 위한 환경으로 갖춰져 있는 항목을 모두 선택해주세요. *스마트워크는 시간과 장소에 구애받지 않고 언제 어디서나 일하는 것을 의미합니다.,,객관식 중복,,0=미선택|1=선택,,N,expanded,binary,
Q45_M12,기술적 환경,,현재 갖춰져 있는 스마트워크 환경 요소__로봇/AI 비서,귀하의 회사에 ‘스마트워크*’를 위한 환경으로 갖춰져 있는 항목을 모두 선택해주세요. *스마트워크는 시간과 장소에 구애받지 않고 언제 어디서나 일하는 것을 의미합니다.,,객관식 중복,,0=미선택|1=선택,,N,expanded,binary,
Q45_M13,기술적 환경,,현재 갖춰져 있는 스마트워크 환경 요소__기타 (직접 입력),귀하의 회사에 ‘스마트워크*’를 위한 환경으로 갖춰져 있는 항목을 모두 선택해주세요. *스마트워크는 시간과 장소에 구애받지 않고 언제 어디서나 일하는 것을 의미합니다.,,객관식 중복,,0=미선택|1=선택,,N,expanded,binary,
Q45_M13_TEXT,기술적 환경,,현재 갖춰져 있는 스마트워크 환경 요소__기타_텍스트,귀하의 회사에 ‘스마트워크*’를 위한 환경으로 갖춰져 있는 항목을 모두 선택해주세요. *스마트워크는 시간과 장소에 구애받지 않고 언제 어디서나 일하는 것을 의미합니다.,,객관식 중복,,,,Y,expanded,text,
Q46,기술적 환경,,원활한 스마트 워크가 가능한 환경인가,현재 갖추어진 업무 환경이 원활한 스마트워크를 하기에 충분한 환경이라고 생각하시나요? *스마트워크는 시간과 장소에 구애받지 않고 언제 어디서나 일하는 것을 의미합니다.,전혀 그렇지 못하다|그렇지 못하다|보통이다|그렇다|매우 그렇다,객관식 척도,5,1=전혀 그렇지 못하다|2=그렇지 못하다|3=보통이다|4=그렇다|5=매우 그렇다,,N,raw,score,
Q47,기술적 환경,,현재 사용 중인 IT장비,업무시 사용하고 있는 개인용 IT 장비를 모두 선택해주세요.,노트북|데스크탑|태블릿|유선 전화|개인 휴대폰 이외 업무용 전화|기타(직접 입력),객관식 중복,6,1=노트북|2=데스크탑|3=태블릿|4=유선 전화|5=개인 휴대폰 이외 업무용 전화|6=기타(직접 입력),,Y,raw,label,
Q47_M1,기술적 환경,,현재 사용 중인 IT장비__노트북,업무시 사용하고 있는 개인용 IT 장비를 모두 선택해주세요.,,객관식 중복,,0=미선택|1=선택,,N,expanded,binary,
Q47_M2,기술적 환경,,현재 사용 중인 IT장비__데스크탑,업무시 사용하고 있는 개인용 IT 장비를 모두 선택해주세요.,,객관식 중복,,0=미선택|1=선택,,N,expanded,binary,
Q47_M3,기술적 환경,,현재 사용 중인 IT장비__태블릿,업무시 사용하고 있는 개인용 IT 장비를 모두 선택해주세요.,,객관식 중복,,0=미선택|1=선택,,N,expanded,binary,
Q47_M4,기술적 환경,,현재 사용 중인 IT장비__유선 전화,업무시 사용하고 있는 개인용 IT 장비를 모두 선택해주세요.,,객관식 중복,,0=미선택|1=선택,,N,expanded,binary,
Q47_M5,기술적 환경,,현재 사용 중인 IT장비__개인 휴대폰 이외 업무용 전화,업무시 사용하고 있는 개인용 IT 장비를 모두 선택해주세요.,,객관식 중복,,0=미선택|1=선택,,N,expanded,binary,
Q47_M6,기술적 환경,,현재 사용 중인 IT장비__기타(직접 입력),업무시 사용하고 있는 개인용 IT 장비를 모두 선택해주세요.,,객관식 중복,,0=미선택|1=선택,,N,expanded,binary,
Q47_M6_TEXT,기술적 환경,,현재 사용 중인 IT장비__기타_텍스트,업무시 사용하고 있는 개인용 IT 장비를 모두 선택해주세요.,,객관식 중복,,,,Y,expanded,text,
Q48,기술적 환경,,IT 인프라를 충분히 지원해주는가,귀하의 기업은 업무에 필요한 IT 인프라(하드웨어/소프트웨어)를 충분히 지원해주고 있나요?,"지원해주지 않음|지원해주나, 충분하지 않음|충분히 지원해줌",객관식 단일,3,"1=지원해주지 않음|2=지원해주나, 충분하지 않음|3=충분히 지원해줌",,N,raw,label,
Q49,기술적 환경,,심리스(Seamless) 환경이 구축되어 있는가,"현재 사용하시는 업무 툴, 인트라넷, 시스템들이 유기적으로 잘 연결되어 있나요? *소통 및 업무용 어플리케이션 통합 운용, 다목적 사원증/출입증 제공, 기업 전용 UI/UX 중복작업 필요 없는 환경",전혀 그렇지 못하다|그렇지 못하다|보통이다|그렇다|매우 그렇다,객관식 척도,5,1=전혀 그렇지 못하다|2=그렇지 못하다|3=보통이다|4=그렇다|5=매우 그렇다,,N,raw,score,
Q50,기술적 환경,,사내 정보에 쉽게 접근할 수 있는 시스템이 있는가,"사내 업무 정보, 지식 콘텐츠*등을 쉽게 검색하고 활용할 수 있는 시스템이 갖춰져 있나요? *업무 매뉴얼, 관련 자료, 진행업무 정보, 조직문화 가이드, 사내 규칙 등",전혀 그렇지 못하다|그렇지 못하다|보통이다|그렇다|매우 그렇다,객관식 척도,5,1=전혀 그렇지 못하다|2=그렇지 못하다|3=보통이다|4=그렇다|5=매우 그렇다,,N,raw,score,
Q51,기술적 환경,,새로운 IT기술 도입에 적극적인가,귀하의 기업은 업무 혁신을 위한 새로운 IT 인프라 및 기술적 지원 도입에 적극적인가요?,전혀 그렇지 못하다|그렇지 못하다|보통이다|그렇다|매우 그렇다,객관식 척도,5,1=전혀 그렇지 못하다|2=그렇지 못하다|3=보통이다|4=그렇다|5=매우 그렇다,,N,raw,score,
Q52,기술적 환경,,새로운 IT기술 내재화를 위한 교육에 적극적인가,"귀하의 기업은 직원들에게 새로운 IT기술과 업무방식을 내재화하기 위해 적극적으로 지원(교육, 피드백 등)하고 있나요?",전혀 그렇지 못하다|그렇지 못하다|보통이다|그렇다|매우 그렇다,객관식 척도,5,1=전혀 그렇지 못하다|2=그렇지 못하다|3=보통이다|4=그렇다|5=매우 그렇다,,N,raw,score,
Q53,기술적 환경,,업무에 AI를 활용하고 있는가,현재 업무 진행시 생성형 AI를 비롯한 인공 지능을 활용하고 계신가요?,"활용 방법을 모르며, 전혀 활용하지 않는다|활용 방법을 알고 있으나, 전혀 활용하지 않는다|활용 방법을 알고 있으나, 사용 빈도가 낮다|활용 방법을 알고 있으며, 적극적으로 사용하고 있다",객관식 단일,4,"1=활용 방법을 모르며, 전혀 활용하지 않는다|2=활용 방법을 알고 있으나, 전혀 활용하지 않는다|3=활용 방법을 알고 있으나, 사용 빈도가 낮다|4=활용 방법을 알고 있으며, 적극적으로 사용하고 있다",,N,raw,label,
Q54,기술적 환경,,AI가 현 직무를 대체할 수 있다고 생각하는가,생성형 AI를 비롯한 인공 지능이 앞으로 귀하의 직무 혹은 직업군을 대체할 수 있을 것이라고 예상하시나요?,전혀 가능성이 없다|그럴 가능성이 크지 않다고 생각한다|아직 더 지켜봐야 알 수 있을 것이다|그럴 가능성이 많다고 생각한다|그럴 가능성이 매우 크다,객관식 척도,5,1=전혀 가능성이 없다|2=그럴 가능성이 크지 않다고 생각한다|3=아직 더 지켜봐야 알 수 있을 것이다|4=그럴 가능성이 많다고 생각한다|5=그럴 가능성이 매우 크다,,N,raw,score,
Q55,기술적 환경,,AI의 긍정적 영향,다음은 인공지능(AI) 관련 기술의 성장이 직장에 가져올 수 있을 것이라 기대되는 긍정적인 내용들을 나열한 것입니다. 업무에 가장 도움이 될 것이라고 예상되는 순서대로 3개 항목을 골라주세요.,반복적&일상적 작업 수행의 자동화|보다 효율적인 업무 스케쥴 관리|단위 시간당 업무 생산성 향상 (작업 속도 향상)|과업 목표 달성에 필요한 업무 에너지 절약|업무 프로세스에 필요한 정보 및 스킬 습득 용이|보다 우수한 퀄리티의 업무 필요 정보 습득|기업의 업무&지식 컨텐츠 접근성 증진|보다 창의적인 아이디어 도출|업무 보조 툴 사이의 연계 강화하여 통합적 활용|기타 (직접 입력),객관식 순위,10,1=반복적&일상적 작업 수행의 자동화|2=보다 효율적인 업무 스케쥴 관리|3=단위 시간당 업무 생산성 향상 (작업 속도 향상)|4=과업 목표 달성에 필요한 업무 에너지 절약|5=업무 프로세스에 필요한 정보 및 스킬 습득 용이|6=보다 우수한 퀄리티의 업무 필요 정보 습득|7=기업의 업무&지식 컨텐츠 접근성 증진|8=보다 창의적인 아이디어 도출|9=업무 보조 툴 사이의 연계 강화하여 통합적 활용|10=기타 (직접 입력),,Y,raw,label,
Q55_R1,기술적 환경,,AI의 긍정적 영향__1순위,다음은 인공지능(AI) 관련 기술의 성장이 직장에 가져올 수 있을 것이라 기대되는 긍정적인 내용들을 나열한 것입니다. 업무에 가장 도움이 될 것이라고 예상되는 순서대로 3개 항목을 골라주세요.,,객관식 순위,10,1=반복적&일상적 작업 수행의 자동화|2=보다 효율적인 업무 스케쥴 관리|3=단위 시간당 업무 생산성 향상 (작업 속도 향상)|4=과업 목표 달성에 필요한 업무 에너지 절약|5=업무 프로세스에 필요한 정보 및 스킬 습득 용이|6=보다 우수한 퀄리티의 업무 필요 정보 습득|7=기업의 업무&지식 컨텐츠 접근성 증진|8=보다 창의적인 아이디어 도출|9=업무 보조 툴 사이의 연계 강화하여 통합적 활용|10=기타 (직접 입력),,N,expanded,label,
Q55_R2,기술적 환경,,AI의 긍정적 영향__2순위,다음은 인공지능(AI) 관련 기술의 성장이 직장에 가져올 수 있을 것이라 기대되는 긍정적인 내용들을 나열한 것입니다. 업무에 가장 도움이 될 것이라고 예상되는 순서대로 3개 항목을 골라주세요.,,객관식 순위,10,1=반복적&일상적 작업 수행의 자동화|2=보다 효율적인 업무 스케쥴 관리|3=단위 시간당 업무 생산성 향상 (작업 속도 향상)|4=과업 목표 달성에 필요한 업무 에너지 절약|5=업무 프로세스에 필요한 정보 및 스킬 습득 용이|6=보다 우수한 퀄리티의 업무 필요 정보 습득|7=기업의 업무&지식 컨텐츠 접근성 증진|8=보다 창의적인 아이디어 도출|9=업무 보조 툴 사이의 연계 강화하여 통합적 활용|10=기타 (직접 입력),,N,expanded,label,
Q55_R3,기술적 환경,,AI의 긍정적 영향__3순위,다음은 인공지능(AI) 관련 기술의 성장이 직장에 가져올 수 있을 것이라 기대되는 긍정적인 내용들을 나열한 것입니다. 업무에 가장 도움이 될 것이라고 예상되는 순서대로 3개 항목을 골라주세요.,,객관식 순위,10,1=반복적&일상적 작업 수행의 자동화|2=보다 효율적인 업무 스케쥴 관리|3=단위 시간당 업무 생산성 향상 (작업 속도 향상)|4=과업 목표 달성에 필요한 업무 에너지 절약|5=업무 프로세스에 필요한 정보 및 스킬 습득 용이|6=보다 우수한 퀄리티의 업무 필요 정보 습득|7=기업의 업무&지식 컨텐츠 접근성 증진|8=보다 창의적인 아이디어 도출|9=업무 보조 툴 사이의 연계 강화하여 통합적 활용|10=기타 (직접 입력),,N,expanded,label,
Q55_TEXT,기술적 환경,,AI의 긍정적 영향__기타_텍스트,다음은 인공지능(AI) 관련 기술의 성장이 직장에 가져올 수 있을 것이라 기대되는 긍정적인 내용들을 나열한 것입니다. 업무에 가장 도움이 될 것이라고 예상되는 순서대로 3개 항목을 골라주세요.,,객관식 순위,,,,Y,expanded,text,
Q56,기술적 환경,,기술적 환경 만족도,우리 회사의 기술적 환경에 대하여 얼만큼 만족하시나요?,매우 불만족함|불만족함|보통|만족함|매우 만족함,객관식 척도,5,1=매우 불만족함|2=불만족함|3=보통|4=만족함|5=매우 만족함,,N,raw,score,
Q57,물리적 환경,오피스 공간 일반,출퇴근 소요 시간,사무실로 출퇴근하는 시간은 얼마나 걸리나요? 편도 기준으로 응답해 주세요. (Door to Door) (분 단위로 입력해주세요),,주관식 숫자,,,분,N,raw,number,
Q58,물리적 환경,오피스 공간 일반,이상적인 출퇴근 소요 시간,적정 출퇴근 시간 어느 정도라고 생각하시나요? 편도 기준으로 응답해 주세요. (Door to Door) (분 단위로 입력해주세요.),,주관식 숫자,,,분,N,raw,number,
Q59,물리적 환경,오피스 공간 일반,현재 좌석 운영 방식 (고정/자율),현재 오피스 좌석 운영 방식은 무엇인가요?,고정 좌석제 (지정된 개인 책상 사용)|자율 좌석제 (지정된 자리 없이 원하는 자리 예약 사용)|고정+자율 좌석제 혼합|기타 (직접 입력),객관식 단일,4,1=고정 좌석제 (지정된 개인 책상 사용)|2=자율 좌석제 (지정된 자리 없이 원하는 자리 예약 사용)|3=고정+자율 좌석제 혼합|4=기타 (직접 입력),,Y,raw,label,
Q59_TEXT,물리적 환경,오피스 공간 일반,현재 좌석 운영 방식 (고정/자율)__기타_텍스트,현재 오피스 좌석 운영 방식은 무엇인가요?,,객관식 단일,,,,Y,expanded,text,
Q60,물리적 환경,오피스 공간 일반,선호하는 좌석 운영 방식 (고정/자율),다음 중 더 선호하는 업무 좌석 운영 방식을 선택해주세요.,고정 좌석제 (지정된 개인 책상 사용)|자율 좌석제 (지정된 자리 없이 원하는 자리 예약 사용)|기타 (직접 입력),객관식 단일,3,1=고정 좌석제 (지정된 개인 책상 사용)|2=자율 좌석제 (지정된 자리 없이 원하는 자리 예약 사용)|3=기타 (직접 입력),,Y,raw,label,
Q60_TEXT,물리적 환경,오피스 공간 일반,선호하는 좌석 운영 방식 (고정/자율)__기타_텍스트,다음 중 더 선호하는 업무 좌석 운영 방식을 선택해주세요.,,객관식 단일,,,,Y,expanded,text,
Q61,물리적 환경,오피스 공간 일반,현재 업무층 레이아웃,"현재 근무하시는 업무층의 오피스 레이아웃*에 가장 가까운 항목을 선택해주세요. *오피스 레이아웃이란 책상, 파티션 등의 구성 요소들을 오피스 공간에 배치하는 방식을 말합니다.",개방형 레이아웃 (구획 없이 오픈되어 있는 형태)|반개방형 레이아웃 (팀/부서가 파티션으로 분리되어 있는 형태)|폐쇄형 레이아웃 (팀/부서별로 별도의 실을 사용하는 형태)|기타 (직접 입력),객관식 단일,4,1=개방형 레이아웃 (구획 없이 오픈되어 있는 형태)|2=반개방형 레이아웃 (팀/부서가 파티션으로 분리되어 있는 형태)|3=폐쇄형 레이아웃 (팀/부서별로 별도의 실을 사용하는 형태)|4=기타 (직접 입력),,Y,raw,label,
Q61_TEXT,물리적 환경,오피스 공간 일반,현재 업무층 레이아웃__기타_텍스트,"현재 근무하시는 업무층의 오피스 레이아웃*에 가장 가까운 항목을 선택해주세요. *오피스 레이아웃이란 책상, 파티션 등의 구성 요소들을 오피스 공간에 배치하는 방식을 말합니다.",,객관식 단일,,,,Y,expanded,text,
Q62,물리적 환경,오피스 공간 일반,선호하는 업무층 레이아웃,"다음 중 가장 선호하는 오피스 레이아웃을 선택해주세요. *오피스 레이아웃이란 책상, 파티션 등의 구성 요소들을 오피스 공간에 배치하는 방식을 말합니다.",개방형 레이아웃 (구획 없이 오픈되어 있는 형태)|반개방형 레이아웃 (팀/부서가 파티션으로 분리되어 있는 형태)|폐쇄형 레이아웃 (팀/부서별로 별도의 실을 사용하는 형태)|기타 (직접 입력),객관식 단일,4,1=개방형 레이아웃 (구획 없이 오픈되어 있는 형태)|2=반개방형 레이아웃 (팀/부서가 파티션으로 분리되어 있는 형태)|3=폐쇄형 레이아웃 (팀/부서별로 별도의 실을 사용하는 형태)|4=기타 (직접 입력),,Y,raw,label,
Q62_TEXT,물리적 환경,오피스 공간 일반,선호하는 업무층 레이아웃__기타_텍스트,"다음 중 가장 선호하는 오피스 레이아웃을 선택해주세요. *오피스 레이아웃이란 책상, 파티션 등의 구성 요소들을 오피스 공간에 배치하는 방식을 말합니다.",,객관식 단일,,,,Y,expanded,text,
Q63,물리적 환경,오피스 공간 일반,현재 좌석 구획 정도,현재 업무 시 이용하는 좌석의 구획 정도에 대한 설명으로 가장 가까운 항목을 선택해주세요.,3면 이상 구획되어 주변 시야가 완전히 차단된다|2면이 구획되어 있어 주변 시야가 어느 정도 차단된다|앞면만 구획되어 있어 양 옆 자리와 소통이 가능하다|자리 구획이 없어 그룹 단위의 소통이 가능하다|기타 (직접 입력),객관식 단일,5,1=3면 이상 구획되어 주변 시야가 완전히 차단된다|2=2면이 구획되어 있어 주변 시야가 어느 정도 차단된다|3=앞면만 구획되어 있어 양 옆 자리와 소통이 가능하다|4=자리 구획이 없어 그룹 단위의 소통이 가능하다|5=기타 (직접 입력),,Y,raw,label,
Q63_TEXT,물리적 환경,오피스 공간 일반,현재 좌석 구획 정도__기타_텍스트,현재 업무 시 이용하는 좌석의 구획 정도에 대한 설명으로 가장 가까운 항목을 선택해주세요.,,객관식 단일,,,,Y,expanded,text,
Q64,물리적 환경,오피스 공간 일반,선호하는 업무 공간 유형(오픈/프라이빗),다음 중 더 선호하는 업무 공간 유형을 선택해주세요.,오픈형 업무 공간 (사람들 간 자연스러운 교류가 일어나는 오픈된 장소에서 일하는 것을 선호한다.)|프라이빗한 업무 공간 (주변 시선과 소음이 차단된 프라이빗한 장소에서 일하는 것을 선호한다.),객관식 단일,2,1=오픈형 업무 공간 (사람들 간 자연스러운 교류가 일어나는 오픈된 장소에서 일하는 것을 선호한다.)|2=프라이빗한 업무 공간 (주변 시선과 소음이 차단된 프라이빗한 장소에서 일하는 것을 선호한다.),,N,raw,label,
Q65,물리적 환경,오피스 공간 일반,선호하는 좌석 유형,다음 중 가장 선호하는 좌석 유형을 선택해주세요.,독립형 (1인 단위 구획 / 집중 업무에 적합)|셀형 (소규모 단위 구획 / 집중 업무에 적합)|링크형 (다양한 각도로 시선 교차 / 소통 업무에 적합)|일자형 (자유롭게 시선 교환 가능 / 소통 업무에 적합)|오픈데스크형 (구획 없이 개방 / 캐주얼 업무 및 협업에 적합)|기타 (직접 입력),객관식 단일,6,1=독립형 (1인 단위 구획 / 집중 업무에 적합)|2=셀형 (소규모 단위 구획 / 집중 업무에 적합)|3=링크형 (다양한 각도로 시선 교차 / 소통 업무에 적합)|4=일자형 (자유롭게 시선 교환 가능 / 소통 업무에 적합)|5=오픈데스크형 (구획 없이 개방 / 캐주얼 업무 및 협업에 적합)|6=기타 (직접 입력),,Y,raw,label,
Q65_TEXT,물리적 환경,오피스 공간 일반,선호하는 좌석 유형__기타_텍스트,다음 중 가장 선호하는 좌석 유형을 선택해주세요.,,객관식 단일,,,,Y,expanded,text,
Q66,물리적 환경,오피스 공간 일반,오피스 내 환경 개선 요소,다음 중 우리 기업의 오피스에 마련되어 있는 환경 개선 요소를 모두 선택해주세요.,"환경 개선을 위한 요소 없음|개인 맞춤 환경 세팅을 위한 요소 (높이 조절 책상/태스크체어, 개인 조명 등)|소음 개선을 위한 요소 (배경 음악, 바닥 카펫, 흡음재 등)|공기질 개선을 위한 요소 (식물, 제습기, 가습기, 공기청정기 등)|편안한 업무 분위기 조성을 위한 요소 (향기 디퓨저, 그래픽적 인테리어 요소)|유연한 업무 행태를 보조하기 위한 요소 (이동식 콘센트/배터리 충전 스테이션, 로봇 등)|기타 (직접 입력)",객관식 중복,7,"1=환경 개선을 위한 요소 없음|2=개인 맞춤 환경 세팅을 위한 요소 (높이 조절 책상/태스크체어, 개인 조명 등)|3=소음 개선을 위한 요소 (배경 음악, 바닥 카펫, 흡음재 등)|4=공기질 개선을 위한 요소 (식물, 제습기, 가습기, 공기청정기 등)|5=편안한 업무 분위기 조성을 위한 요소 (향기 디퓨저, 그래픽적 인테리어 요소)|6=유연한 업무 행태를 보조하기 위한 요소 (이동식 콘센트/배터리 충전 스테이션, 로봇 등)|7=기타 (직접 입력)",,Y,raw,label,
Q66_M1,물리적 환경,오피스 공간 일반,오피스 내 환경 개선 요소__환경 개선을 위한 요소 없음,다음 중 우리 기업의 오피스에 마련되어 있는 환경 개선 요소를 모두 선택해주세요.,,객관식 중복,,0=미선택|1=선택,,N,expanded,binary,
Q66_M2,물리적 환경,오피스 공간 일반,"오피스 내 환경 개선 요소__개인 맞춤 환경 세팅을 위한 요소 (높이 조절 책상/태스크체어, 개인 조명 등)",다음 중 우리 기업의 오피스에 마련되어 있는 환경 개선 요소를 모두 선택해주세요.,,객관식 중복,,0=미선택|1=선택,,N,expanded,binary,
Q66_M3,물리적 환경,오피스 공간 일반,"오피스 내 환경 개선 요소__소음 개선을 위한 요소 (배경 음악, 바닥 카펫, 흡음재 등)",다음 중 우리 기업의 오피스에 마련되어 있는 환경 개선 요소를 모두 선택해주세요.,,객관식 중복,,0=미선택|1=선택,,N,expanded,binary,
Q66_M4,물리적 환경,오피스 공간 일반,"오피스 내 환경 개선 요소__공기질 개선을 위한 요소 (식물, 제습기, 가습기, 공기청정기 등)",다음 중 우리 기업의 오피스에 마련되어 있는 환경 개선 요소를 모두 선택해주세요.,,객관식 중복,,0=미선택|1=선택,,N,expanded,binary,
Q66_M5,물리적 환경,오피스 공간 일반,"오피스 내 환경 개선 요소__편안한 업무 분위기 조성을 위한 요소 (향기 디퓨저, 그래픽적 인테리어 요소)",다음 중 우리 기업의 오피스에 마련되어 있는 환경 개선 요소를 모두 선택해주세요.,,객관식 중복,,0=미선택|1=선택,,N,expanded,binary,
Q66_M6,물리적 환경,오피스 공간 일반,"오피스 내 환경 개선 요소__유연한 업무 행태를 보조하기 위한 요소 (이동식 콘센트/배터리 충전 스테이션, 로봇 등)",다음 중 우리 기업의 오피스에 마련되어 있는 환경 개선 요소를 모두 선택해주세요.,,객관식 중복,,0=미선택|1=선택,,N,expanded,binary,
Q66_M7,물리적 환경,오피스 공간 일반,오피스 내 환경 개선 요소__기타 (직접 입력),다음 중 우리 기업의 오피스에 마련되어 있는 환경 개선 요소를 모두 선택해주세요.,,객관식 중복,,0=미선택|1=선택,,N,expanded,binary,
Q66_M7_TEXT,물리적 환경,오피스 공간 일반,오피스 내 환경 개선 요소__기타_텍스트,다음 중 우리 기업의 오피스에 마련되어 있는 환경 개선 요소를 모두 선택해주세요.,,객관식 중복,,,,Y,expanded,text,
Q67,물리적 환경,오피스 공간 일반,지원 공간 및 편의 시설,다음 중 우리 기업의 오피스에 마련되어 있는 업무 지원 공간 및 생활 편의 시설을 모두 선택해주세요.,마련되어 있는 것 없음|다목적 워크 라운지|워크숍 룸|별도 집중 업무 공간|콰이엇 존/테크프리(Tech-free) 존|야외 업무 공간|메이커 스페이스 (시제품 제작 공간)|촬영 스튜디오|라이브러리|카페테리아|플레이 룸/게임 룸|운동 경기장/러닝 트렉|의료실/헬스케어 센터/멘탈케어 센터|피트니스 센터|어린이집/보육원/데이케어 센터|수면실/샤워실|양치실|명상실|편의점|세탁소/런드리 룸|자전거 보관실/거치대|문서수발실/우편실|기타 (직접 입력),객관식 중복,23,1=마련되어 있는 것 없음|2=다목적 워크 라운지|3=워크숍 룸|4=별도 집중 업무 공간|5=콰이엇 존/테크프리(Tech-free) 존|6=야외 업무 공간|7=메이커 스페이스 (시제품 제작 공간)|8=촬영 스튜디오|9=라이브러리|10=카페테리아|11=플레이 룸/게임 룸|12=운동 경기장/러닝 트렉|13=의료실/헬스케어 센터/멘탈케어 센터|14=피트니스 센터|15=어린이집/보육원/데이케어 센터|16=수면실/샤워실|17=양치실|18=명상실|19=편의점|20=세탁소/런드리 룸|21=자전거 보관실/거치대|22=문서수발실/우편실|23=기타 (직접 입력),,Y,raw,label,
Q67_M1,물리적 환경,오피스 공간 일반,지원 공간 및 편의 시설__마련되어 있는 것 없음,다음 중 우리 기업의 오피스에 마련되어 있는 업무 지원 공간 및 생활 편의 시설을 모두 선택해주세요.,,객관식 중복,,0=미선택|1=선택,,N,expanded,binary,
Q67_M2,물리적 환경,오피스 공간 일반,지원 공간 및 편의 시설__다목적 워크 라운지,다음 중 우리 기업의 오피스에 마련되어 있는 업무 지원 공간 및 생활 편의 시설을 모두 선택해주세요.,,객관식 중복,,0=미선택|1=선택,,N,expanded,binary,
Q67_M3,물리적 환경,오피스 공간 일반,지원 공간 및 편의 시설__워크숍 룸,다음 중 우리 기업의 오피스에 마련되어 있는 업무 지원 공간 및 생활 편의 시설을 모두 선택해주세요.,,객관식 중복,,0=미선택|1=선택,,N,expanded,binary,
Q67_M4,물리적 환경,오피스 공간 일반,지원 공간 및 편의 시설__별도 집중 업무 공간,다음 중 우리 기업의 오피스에 마련되어 있는 업무 지원 공간 및 생활 편의 시설을 모두 선택해주세요.,,객관식 중복,,0=미선택|1=선택,,N,expanded,binary,
Q67_M5,물리적 환경,오피스 공간 일반,지원 공간 및 편의 시설__콰이엇 존/테크프리(Tech-free) 존,다음 중 우리 기업의 오피스에 마련되어 있는 업무 지원 공간 및 생활 편의 시설을 모두 선택해주세요.,,객관식 중복,,0=미선택|1=선택,,N,expanded,binary,
Q67_M6,물리적 환경,오피스 공간 일반,지원 공간 및 편의 시설__야외 업무 공간,다음 중 우리 기업의 오피스에 마련되어 있는 업무 지원 공간 및 생활 편의 시설을 모두 선택해주세요.,,객관식 중복,,0=미선택|1=선택,,N,expanded,binary,
Q67_M7,물리적 환경,오피스 공간 일반,지원 공간 및 편의 시설__메이커 스페이스 (시제품 제작 공간),다음 중 우리 기업의 오피스에 마련되어 있는 업무 지원 공간 및 생활 편의 시설을 모두 선택해주세요.,,객관식 중복,,0=미선택|1=선택,,N,expanded,binary,
Q67_M8,물리적 환경,오피스 공간 일반,지원 공간 및 편의 시설__촬영 스튜디오,다음 중 우리 기업의 오피스에 마련되어 있는 업무 지원 공간 및 생활 편의 시설을 모두 선택해주세요.,,객관식 중복,,0=미선택|1=선택,,N,expanded,binary,
Q67_M9,물리적 환경,오피스 공간 일반,지원 공간 및 편의 시설__라이브러리,다음 중 우리 기업의 오피스에 마련되어 있는 업무 지원 공간 및 생활 편의 시설을 모두 선택해주세요.,,객관식 중복,,0=미선택|1=선택,,N,expanded,binary,
Q67_M10,물리적 환경,오피스 공간 일반,지원 공간 및 편의 시설__카페테리아,다음 중 우리 기업의 오피스에 마련되어 있는 업무 지원 공간 및 생활 편의 시설을 모두 선택해주세요.,,객관식 중복,,0=미선택|1=선택,,N,expanded,binary,
Q67_M11,물리적 환경,오피스 공간 일반,지원 공간 및 편의 시설__플레이 룸/게임 룸,다음 중 우리 기업의 오피스에 마련되어 있는 업무 지원 공간 및 생활 편의 시설을 모두 선택해주세요.,,객관식 중복,,0=미선택|1=선택,,N,expanded,binary,
Q67_M12,물리적 환경,오피스 공간 일반,지원 공간 및 편의 시설__운동 경기장/러닝 트렉,다음 중 우리 기업의 오피스에 마련되어 있는 업무 지원 공간 및 생활 편의 시설을 모두 선택해주세요.,,객관식 중복,,0=미선택|1=선택,,N,expanded,binary,
Q67_M13,물리적 환경,오피스 공간 일반,지원 공간 및 편의 시설__의료실/헬스케어 센터/멘탈케어 센터,다음 중 우리 기업의 오피스에 마련되어 있는 업무 지원 공간 및 생활 편의 시설을 모두 선택해주세요.,,객관식 중복,,0=미선택|1=선택,,N,expanded,binary,
Q67_M14,물리적 환경,오피스 공간 일반,지원 공간 및 편의 시설__피트니스 센터,다음 중 우리 기업의 오피스에 마련되어 있는 업무 지원 공간 및 생활 편의 시설을 모두 선택해주세요.,,객관식 중복,,0=미선택|1=선택,,N,expanded,binary,
Q67_M15,물리적 환경,오피스 공간 일반,지원 공간 및 편의 시설__어린이집/보육원/데이케어 센터,다음 중 우리 기업의 오피스에 마련되어 있는 업무 지원 공간 및 생활 편의 시설을 모두 선택해주세요.,,객관식 중복,,0=미선택|1=선택,,N,expanded,binary,
Q67_M16,물리적 환경,오피스 공간 일반,지원 공간 및 편의 시설__수면실/샤워실,다음 중 우리 기업의 오피스에 마련되어 있는 업무 지원 공간 및 생활 편의 시설을 모두 선택해주세요.,,객관식 중복,,0=미선택|1=선택,,N,expanded,binary,
Q67_M17,물리적 환경,오피스 공간 일반,지원 공간 및 편의 시설__양치실,다음 중 우리 기업의 오피스에 마련되어 있는 업무 지원 공간 및 생활 편의 시설을 모두 선택해주세요.,,객관식 중복,,0=미선택|1=선택,,N,expanded,binary,
Q67_M18,물리적 환경,오피스 공간 일반,지원 공간 및 편의 시설__명상실,다음 중 우리 기업의 오피스에 마련되어 있는 업무 지원 공간 및 생활 편의 시설을 모두 선택해주세요.,,객관식 중복,,0=미선택|1=선택,,N,expanded,binary,
Q67_M19,물리적 환경,오피스 공간 일반,지원 공간 및 편의 시설__편의점,다음 중 우리 기업의 오피스에 마련되어 있는 업무 지원 공간 및 생활 편의 시설을 모두 선택해주세요.,,객관식 중복,,0=미선택|1=선택,,N,expanded,binary,
Q67_M20,물리적 환경,오피스 공간 일반,지원 공간 및 편의 시설__세탁소/런드리 룸,다음 중 우리 기업의 오피스에 마련되어 있는 업무 지원 공간 및 생활 편의 시설을 모두 선택해주세요.,,객관식 중복,,0=미선택|1=선택,,N,expanded,binary,
Q67_M21,물리적 환경,오피스 공간 일반,지원 공간 및 편의 시설__자전거 보관실/거치대,다음 중 우리 기업의 오피스에 마련되어 있는 업무 지원 공간 및 생활 편의 시설을 모두 선택해주세요.,,객관식 중복,,0=미선택|1=선택,,N,expanded,binary,
Q67_M22,물리적 환경,오피스 공간 일반,지원 공간 및 편의 시설__문서수발실/우편실,다음 중 우리 기업의 오피스에 마련되어 있는 업무 지원 공간 및 생활 편의 시설을 모두 선택해주세요.,,객관식 중복,,0=미선택|1=선택,,N,expanded,binary,
Q67_M23,물리적 환경,오피스 공간 일반,지원 공간 및 편의 시설__기타 (직접 입력),다음 중 우리 기업의 오피스에 마련되어 있는 업무 지원 공간 및 생활 편의 시설을 모두 선택해주세요.,,객관식 중복,,0=미선택|1=선택,,N,expanded,binary,
Q67_M23_TEXT,물리적 환경,오피스 공간 일반,지원 공간 및 편의 시설__기타_텍스트,다음 중 우리 기업의 오피스에 마련되어 있는 업무 지원 공간 및 생활 편의 시설을 모두 선택해주세요.,,객관식 중복,,,,Y,expanded,text,
Q68,물리적 환경,오피스 공간 일반,협업 공간 요소,다음 중 우리 기업의 협업 공간에 마련되어 있는 요소를 모두 선택해주세요.,"보기 중 마련되어 있는 것 없음|화상 회의 시스템 (카메라, 마이크, 디스플레이 등)|이동형 테이블/의자|스탠딩 테이블/바 스툴|소파|화이트 보드|계단식 스탠드|회의 보조용 AI/로봇|기타(직접 입력)",객관식 중복,9,"1=보기 중 마련되어 있는 것 없음|2=화상 회의 시스템 (카메라, 마이크, 디스플레이 등)|3=이동형 테이블/의자|4=스탠딩 테이블/바 스툴|5=소파|6=화이트 보드|7=계단식 스탠드|8=회의 보조용 AI/로봇|9=기타(직접 입력)",,Y,raw,label,
Q68_M1,물리적 환경,오피스 공간 일반,협업 공간 요소__보기 중 마련되어 있는 것 없음,다음 중 우리 기업의 협업 공간에 마련되어 있는 요소를 모두 선택해주세요.,,객관식 중복,,0=미선택|1=선택,,N,expanded,binary,
Q68_M2,물리적 환경,오피스 공간 일반,"협업 공간 요소__화상 회의 시스템 (카메라, 마이크, 디스플레이 등)",다음 중 우리 기업의 협업 공간에 마련되어 있는 요소를 모두 선택해주세요.,,객관식 중복,,0=미선택|1=선택,,N,expanded,binary,
Q68_M3,물리적 환경,오피스 공간 일반,협업 공간 요소__이동형 테이블/의자,다음 중 우리 기업의 협업 공간에 마련되어 있는 요소를 모두 선택해주세요.,,객관식 중복,,0=미선택|1=선택,,N,expanded,binary,
Q68_M4,물리적 환경,오피스 공간 일반,협업 공간 요소__스탠딩 테이블/바 스툴,다음 중 우리 기업의 협업 공간에 마련되어 있는 요소를 모두 선택해주세요.,,객관식 중복,,0=미선택|1=선택,,N,expanded,binary,
Q68_M5,물리적 환경,오피스 공간 일반,협업 공간 요소__소파,다음 중 우리 기업의 협업 공간에 마련되어 있는 요소를 모두 선택해주세요.,,객관식 중복,,0=미선택|1=선택,,N,expanded,binary,
Q68_M6,물리적 환경,오피스 공간 일반,협업 공간 요소__화이트 보드,다음 중 우리 기업의 협업 공간에 마련되어 있는 요소를 모두 선택해주세요.,,객관식 중복,,0=미선택|1=선택,,N,expanded,binary,
Q68_M7,물리적 환경,오피스 공간 일반,협업 공간 요소__계단식 스탠드,다음 중 우리 기업의 협업 공간에 마련되어 있는 요소를 모두 선택해주세요.,,객관식 중복,,0=미선택|1=선택,,N,expanded,binary,
Q68_M8,물리적 환경,오피스 공간 일반,협업 공간 요소__회의 보조용 AI/로봇,다음 중 우리 기업의 협업 공간에 마련되어 있는 요소를 모두 선택해주세요.,,객관식 중복,,0=미선택|1=선택,,N,expanded,binary,
Q68_M9,물리적 환경,오피스 공간 일반,협업 공간 요소__기타(직접 입력),다음 중 우리 기업의 협업 공간에 마련되어 있는 요소를 모두 선택해주세요.,,객관식 중복,,0=미선택|1=선택,,N,expanded,binary,
Q68_M9_TEXT,물리적 환경,오피스 공간 일반,협업 공간 요소__기타_텍스트,다음 중 우리 기업의 협업 공간에 마련되어 있는 요소를 모두 선택해주세요.,,객관식 중복,,,,Y,expanded,text,
Q69,물리적 환경,경험적 측면,오피스는 기능 공간인가(동의 여부),"다음 문장에 대해 얼마나 동의하시나요? - 오피스는 특정 목표(업무 능률 증진, 과업 목표 달성 등)를 달성하기 위한 수단이다. 목표 달성을 위한 기능적 측면을 강화해야 한다.",전혀 동의하지 않는다|동의하지 않는다|보통이다|동의한다|매우 동의한다,객관식 척도,5,1=전혀 동의하지 않는다|2=동의하지 않는다|3=보통이다|4=동의한다|5=매우 동의한다,,N,raw,score,
Q70,물리적 환경,경험적 측면,오피스는 생활 공간인가(동의 여부),"다음 문장에 대해 얼마나 동의하시나요? - 오피스는 조직 구성원들이 근무 시간 동안 지내는 일종의 생활 공간이다. 구성원들이 원하는 분위기, 감성, 편의성도 업무 보조 기능에 준하는 중요한 요소이다.",전혀 동의하지 않는다|동의하지 않는다|보통이다|동의한다|매우 동의한다,객관식 척도,5,1=전혀 동의하지 않는다|2=동의하지 않는다|3=보통이다|4=동의한다|5=매우 동의한다,,N,raw,score,
Q71,물리적 환경,경험적 측면,오피스에서 일만 하고 싶다 vs 일 외적인 활동도 하고 싶다,다음 중 더 선호하는 것을 선택해주세요.,오피스에서는 일만 하는 것이 좋다.|오피스에서 일 외적인 소통이나 활동도 하는 것이 좋다.,객관식 단일,2,1=오피스에서는 일만 하는 것이 좋다.|2=오피스에서 일 외적인 소통이나 활동도 하는 것이 좋다.,,N,raw,label,
Q72,물리적 환경,경험적 측면,오피스에 조직문화가 잘 반영되어 있는가,우리 회사의 공간은 기업의 조직문화와 핵심가치를 잘 반영하고 있나요?,그렇지 못하다|그렇다,객관식 단일,2,1=그렇지 못하다|2=그렇다,,N,raw,label,
Q73,물리적 환경,경험적 측면,조직 문화를 반영한 오피스에 대한 인식,조직문화와 핵심가치가 잘 반영된 오피스는 구성원들에게 어떤 긍정적인 효과가 있다고 생각하시나요? 모두 선택해 주세요.,회사의 방향성에 구성원의 업무목표를 연계시키기 용이|회사에 대한 구성원들의 신뢰 증진|업무 몰입도 증진|공동체 의식&조직 소속감 증진|심리적 안정감 증진|일하는 공간에 대한 구성원들의 만족도 증진|기타 (직접 입력),객관식 중복,7,1=회사의 방향성에 구성원의 업무목표를 연계시키기 용이|2=회사에 대한 구성원들의 신뢰 증진|3=업무 몰입도 증진|4=공동체 의식&조직 소속감 증진|5=심리적 안정감 증진|6=일하는 공간에 대한 구성원들의 만족도 증진|7=기타 (직접 입력),,Y,raw,label,
Q73_M1,물리적 환경,경험적 측면,조직 문화를 반영한 오피스에 대한 인식__회사의 방향성에 구성원의 업무목표를 연계시키기 용이,조직문화와 핵심가치가 잘 반영된 오피스는 구성원들에게 어떤 긍정적인 효과가 있다고 생각하시나요? 모두 선택해 주세요.,,객관식 중복,,0=미선택|1=선택,,N,expanded,binary,
Q73_M2,물리적 환경,경험적 측면,조직 문화를 반영한 오피스에 대한 인식__회사에 대한 구성원들의 신뢰 증진,조직문화와 핵심가치가 잘 반영된 오피스는 구성원들에게 어떤 긍정적인 효과가 있다고 생각하시나요? 모두 선택해 주세요.,,객관식 중복,,0=미선택|1=선택,,N,expanded,binary,
Q73_M3,물리적 환경,경험적 측면,조직 문화를 반영한 오피스에 대한 인식__업무 몰입도 증진,조직문화와 핵심가치가 잘 반영된 오피스는 구성원들에게 어떤 긍정적인 효과가 있다고 생각하시나요? 모두 선택해 주세요.,,객관식 중복,,0=미선택|1=선택,,N,expanded,binary,
Q73_M4,물리적 환경,경험적 측면,조직 문화를 반영한 오피스에 대한 인식__공동체 의식&조직 소속감 증진,조직문화와 핵심가치가 잘 반영된 오피스는 구성원들에게 어떤 긍정적인 효과가 있다고 생각하시나요? 모두 선택해 주세요.,,객관식 중복,,0=미선택|1=선택,,N,expanded,binary,
Q73_M5,물리적 환경,경험적 측면,조직 문화를 반영한 오피스에 대한 인식__심리적 안정감 증진,조직문화와 핵심가치가 잘 반영된 오피스는 구성원들에게 어떤 긍정적인 효과가 있다고 생각하시나요? 모두 선택해 주세요.,,객관식 중복,,0=미선택|1=선택,,N,expanded,binary,
Q73_M6,물리적 환경,경험적 측면,조직 문화를 반영한 오피스에 대한 인식__일하는 공간에 대한 구성원들의 만족도 증진,조직문화와 핵심가치가 잘 반영된 오피스는 구성원들에게 어떤 긍정적인 효과가 있다고 생각하시나요? 모두 선택해 주세요.,,객관식 중복,,0=미선택|1=선택,,N,expanded,binary,
Q73_M7,물리적 환경,경험적 측면,조직 문화를 반영한 오피스에 대한 인식__기타 (직접 입력),조직문화와 핵심가치가 잘 반영된 오피스는 구성원들에게 어떤 긍정적인 효과가 있다고 생각하시나요? 모두 선택해 주세요.,,객관식 중복,,0=미선택|1=선택,,N,expanded,binary,
Q73_M7_TEXT,물리적 환경,경험적 측면,조직 문화를 반영한 오피스에 대한 인식__기타_텍스트,조직문화와 핵심가치가 잘 반영된 오피스는 구성원들에게 어떤 긍정적인 효과가 있다고 생각하시나요? 모두 선택해 주세요.,,객관식 중복,,,,Y,expanded,text,
Q74,물리적 환경,경험적 측면,오피스 공간 변화에 참여해 본 경험이 있는가,기업의 물리적 환경 변화를 위한 활동*에 참여해본 경험이 있으신가요? 경험이 있으시다면 참여한 방식을 모두 선택해주세요. *개선/교체/정비/디자인,참여 경험이 없다|설문 조사 참여|인터뷰 참여|워크샵 참여|사내 공모 등으로 아이디어 개진|사내 공모 등으로 계획안 및 디자인 제안 참여|기타 (직접 입력),객관식 중복,7,1=참여 경험이 없다|2=설문 조사 참여|3=인터뷰 참여|4=워크샵 참여|5=사내 공모 등으로 아이디어 개진|6=사내 공모 등으로 계획안 및 디자인 제안 참여|7=기타 (직접 입력),,Y,raw,label,
Q74_M1,물리적 환경,경험적 측면,오피스 공간 변화에 참여해 본 경험이 있는가__참여 경험이 없다,기업의 물리적 환경 변화를 위한 활동*에 참여해본 경험이 있으신가요? 경험이 있으시다면 참여한 방식을 모두 선택해주세요. *개선/교체/정비/디자인,,객관식 중복,,0=미선택|1=선택,,N,expanded,binary,
Q74_M2,물리적 환경,경험적 측면,오피스 공간 변화에 참여해 본 경험이 있는가__설문 조사 참여,기업의 물리적 환경 변화를 위한 활동*에 참여해본 경험이 있으신가요? 경험이 있으시다면 참여한 방식을 모두 선택해주세요. *개선/교체/정비/디자인,,객관식 중복,,0=미선택|1=선택,,N,expanded,binary,
Q74_M3,물리적 환경,경험적 측면,오피스 공간 변화에 참여해 본 경험이 있는가__인터뷰 참여,기업의 물리적 환경 변화를 위한 활동*에 참여해본 경험이 있으신가요? 경험이 있으시다면 참여한 방식을 모두 선택해주세요. *개선/교체/정비/디자인,,객관식 중복,,0=미선택|1=선택,,N,expanded,binary,
Q74_M4,물리적 환경,경험적 측면,오피스 공간 변화에 참여해 본 경험이 있는가__워크샵 참여,기업의 물리적 환경 변화를 위한 활동*에 참여해본 경험이 있으신가요? 경험이 있으시다면 참여한 방식을 모두 선택해주세요. *개선/교체/정비/디자인,,객관식 중복,,0=미선택|1=선택,,N,expanded,binary,
Q74_M5,물리적 환경,경험적 측면,오피스 공간 변화에 참여해 본 경험이 있는가__사내 공모 등으로 아이디어 개진,기업의 물리적 환경 변화를 위한 활동*에 참여해본 경험이 있으신가요? 경험이 있으시다면 참여한 방식을 모두 선택해주세요. *개선/교체/정비/디자인,,객관식 중복,,0=미선택|1=선택,,N,expanded,binary,
Q74_M6,물리적 환경,경험적 측면,오피스 공간 변화에 참여해 본 경험이 있는가__사내 공모 등으로 계획안 및 디자인 제안 참여,기업의 물리적 환경 변화를 위한 활동*에 참여해본 경험이 있으신가요? 경험이 있으시다면 참여한 방식을 모두 선택해주세요. *개선/교체/정비/디자인,,객관식 중복,,0=미선택|1=선택,,N,expanded,binary,
Q74_M7,물리적 환경,경험적 측면,오피스 공간 변화에 참여해 본 경험이 있는가__기타 (직접 입력),기업의 물리적 환경 변화를 위한 활동*에 참여해본 경험이 있으신가요? 경험이 있으시다면 참여한 방식을 모두 선택해주세요. *개선/교체/정비/디자인,,객관식 중복,,0=미선택|1=선택,,N,expanded,binary,
Q74_TEXT,물리적 환경,경험적 측면,오피스 공간 변화에 참여해 본 경험이 있는가__기타_텍스트,기업의 물리적 환경 변화를 위한 활동*에 참여해본 경험이 있으신가요? 경험이 있으시다면 참여한 방식을 모두 선택해주세요. *개선/교체/정비/디자인,,객관식 중복,,,,Y,expanded,text,
Q75,물리적 환경,경험적 측면,오피스 공간 변화에 참여해 본 경험에 대한 평가,물리적 환경 변화에 참여했던 경험을 어떻게 평가하시나요?,긍정적인 경험|부정적인 경험|긍정적&부정적 둘 다,객관식 단일,3,1=긍정적인 경험|2=부정적인 경험|3=긍정적&부정적 둘 다,,N,raw,label,
Q76,물리적 환경,경험적 측면,오피스 공간 변화 참여 경험_긍정적 평가 이유,기업의 물리적 환경에 변화를 만들어내는 프로세스에 직접 참여하는 경험은 어떤 점에서 긍정적인 경험이었다고 생각하시나요? 모두 선택해주세요.,해당 참여 경험이 업무 성과로 인정 받았다.|조직 소속감이 증진됐다|조직이 직원 개개인을 ‘소중히 한다/배려한다’는 생각이 들었다.|내가 근무하고 있는 물리적 환경에 애정 또는 주인 의식이 생겼다.|나의 의견이 실제 공간에 반영되면서 업무 효율에 긍정적인 영향을 주었다.|새로운 동료들과 새롭게 협업 해 볼 수 있었다.|기타 (직접 입력),객관식 중복,7,1=해당 참여 경험이 업무 성과로 인정 받았다.|2=조직 소속감이 증진됐다|3=조직이 직원 개개인을 ‘소중히 한다/배려한다’는 생각이 들었다.|4=내가 근무하고 있는 물리적 환경에 애정 또는 주인 의식이 생겼다.|5=나의 의견이 실제 공간에 반영되면서 업무 효율에 긍정적인 영향을 주었다.|6=새로운 동료들과 새롭게 협업 해 볼 수 있었다.|7=기타 (직접 입력),,Y,raw,label,
Q76_M1,물리적 환경,경험적 측면,오피스 공간 변화 참여 경험_긍정적 평가 이유__해당 참여 경험이 업무 성과로 인정 받았다.,기업의 물리적 환경에 변화를 만들어내는 프로세스에 직접 참여하는 경험은 어떤 점에서 긍정적인 경험이었다고 생각하시나요? 모두 선택해주세요.,,객관식 중복,,0=미선택|1=선택,,N,expanded,binary,
Q76_M2,물리적 환경,경험적 측면,오피스 공간 변화 참여 경험_긍정적 평가 이유__조직 소속감이 증진됐다,기업의 물리적 환경에 변화를 만들어내는 프로세스에 직접 참여하는 경험은 어떤 점에서 긍정적인 경험이었다고 생각하시나요? 모두 선택해주세요.,,객관식 중복,,0=미선택|1=선택,,N,expanded,binary,
Q76_M3,물리적 환경,경험적 측면,오피스 공간 변화 참여 경험_긍정적 평가 이유__조직이 직원 개개인을 ‘소중히 한다/배려한다’는 생각이 들었다.,기업의 물리적 환경에 변화를 만들어내는 프로세스에 직접 참여하는 경험은 어떤 점에서 긍정적인 경험이었다고 생각하시나요? 모두 선택해주세요.,,객관식 중복,,0=미선택|1=선택,,N,expanded,binary,
Q76_M4,물리적 환경,경험적 측면,오피스 공간 변화 참여 경험_긍정적 평가 이유__내가 근무하고 있는 물리적 환경에 애정 또는 주인 의식이 생겼다.,기업의 물리적 환경에 변화를 만들어내는 프로세스에 직접 참여하는 경험은 어떤 점에서 긍정적인 경험이었다고 생각하시나요? 모두 선택해주세요.,,객관식 중복,,0=미선택|1=선택,,N,expanded,binary,
Q76_M5,물리적 환경,경험적 측면,오피스 공간 변화 참여 경험_긍정적 평가 이유__나의 의견이 실제 공간에 반영되면서 업무 효율에 긍정적인 영향을 주었다.,기업의 물리적 환경에 변화를 만들어내는 프로세스에 직접 참여하는 경험은 어떤 점에서 긍정적인 경험이었다고 생각하시나요? 모두 선택해주세요.,,객관식 중복,,0=미선택|1=선택,,N,expanded,binary,
Q76_M6,물리적 환경,경험적 측면,오피스 공간 변화 참여 경험_긍정적 평가 이유__새로운 동료들과 새롭게 협업 해 볼 수 있었다.,기업의 물리적 환경에 변화를 만들어내는 프로세스에 직접 참여하는 경험은 어떤 점에서 긍정적인 경험이었다고 생각하시나요? 모두 선택해주세요.,,객관식 중복,,0=미선택|1=선택,,N,expanded,binary,
Q76_M7,물리적 환경,경험적 측면,오피스 공간 변화 참여 경험_긍정적 평가 이유__기타 (직접 입력),기업의 물리적 환경에 변화를 만들어내는 프로세스에 직접 참여하는 경험은 어떤 점에서 긍정적인 경험이었다고 생각하시나요? 모두 선택해주세요.,,객관식 중복,,0=미선택|1=선택,,N,expanded,binary,
Q76_M7_TEXT,물리적 환경,경험적 측면,오피스 공간 변화 참여 경험_긍정적 평가 이유__기타_텍스트,기업의 물리적 환경에 변화를 만들어내는 프로세스에 직접 참여하는 경험은 어떤 점에서 긍정적인 경험이었다고 생각하시나요? 모두 선택해주세요.,,객관식 중복,,,,Y,expanded,text,
Q77,물리적 환경,경험적 측면,오피스 공간 변화 참여 경험_부정적 평가 이유,기업의 물리적 환경에 변화를 만들어내는 프로세스에 직접 참여하는 경험은 어떤 점에서 부정적인 경험이었다고 생각하시나요? 모두 선택해주세요.,기존 업무에 무리/방해가 되었다.|개선 목표가 불명확하고 담당 부서의 개선 의지가 안 느껴졌다.|업무시간을 할애해 참여했지만 합당한 성과 인정이나 보상이 없었다.|논의 과정과 의견 반영 여부에 대한 충분한 공유가 없었다.|의견이 제대로 받아 들여지지 않았다.|공정하지 않은 기준으로 일이 진행되었다.|기타 (직접 입력),객관식 중복,7,1=기존 업무에 무리/방해가 되었다.|2=개선 목표가 불명확하고 담당 부서의 개선 의지가 안 느껴졌다.|3=업무시간을 할애해 참여했지만 합당한 성과 인정이나 보상이 없었다.|4=논의 과정과 의견 반영 여부에 대한 충분한 공유가 없었다.|5=의견이 제대로 받아 들여지지 않았다.|6=공정하지 않은 기준으로 일이 진행되었다.|7=기타 (직접 입력),,Y,raw,label,
Q77_M1,물리적 환경,경험적 측면,오피스 공간 변화 참여 경험_부정적 평가 이유__기존 업무에 무리/방해가 되었다.,기업의 물리적 환경에 변화를 만들어내는 프로세스에 직접 참여하는 경험은 어떤 점에서 부정적인 경험이었다고 생각하시나요? 모두 선택해주세요.,,객관식 중복,,0=미선택|1=선택,,N,expanded,binary,
Q77_M2,물리적 환경,경험적 측면,오피스 공간 변화 참여 경험_부정적 평가 이유__개선 목표가 불명확하고 담당 부서의 개선 의지가 안 느껴졌다.,기업의 물리적 환경에 변화를 만들어내는 프로세스에 직접 참여하는 경험은 어떤 점에서 부정적인 경험이었다고 생각하시나요? 모두 선택해주세요.,,객관식 중복,,0=미선택|1=선택,,N,expanded,binary,
Q77_M3,물리적 환경,경험적 측면,오피스 공간 변화 참여 경험_부정적 평가 이유__업무시간을 할애해 참여했지만 합당한 성과 인정이나 보상이 없었다.,기업의 물리적 환경에 변화를 만들어내는 프로세스에 직접 참여하는 경험은 어떤 점에서 부정적인 경험이었다고 생각하시나요? 모두 선택해주세요.,,객관식 중복,,0=미선택|1=선택,,N,expanded,binary,
Q77_M4,물리적 환경,경험적 측면,오피스 공간 변화 참여 경험_부정적 평가 이유__논의 과정과 의견 반영 여부에 대한 충분한 공유가 없었다.,기업의 물리적 환경에 변화를 만들어내는 프로세스에 직접 참여하는 경험은 어떤 점에서 부정적인 경험이었다고 생각하시나요? 모두 선택해주세요.,,객관식 중복,,0=미선택|1=선택,,N,expanded,binary,
Q77_M5,물리적 환경,경험적 측면,오피스 공간 변화 참여 경험_부정적 평가 이유__의견이 제대로 받아 들여지지 않았다.,기업의 물리적 환경에 변화를 만들어내는 프로세스에 직접 참여하는 경험은 어떤 점에서 부정적인 경험이었다고 생각하시나요? 모두 선택해주세요.,,객관식 중복,,0=미선택|1=선택,,N,expanded,binary,
Q77_M6,물리적 환경,경험적 측면,오피스 공간 변화 참여 경험_부정적 평가 이유__공정하지 않은 기준으로 일이 진행되었다.,기업의 물리적 환경에 변화를 만들어내는 프로세스에 직접 참여하는 경험은 어떤 점에서 부정적인 경험이었다고 생각하시나요? 모두 선택해주세요.,,객관식 중복,,0=미선택|1=선택,,N,expanded,binary,
Q77_M7,물리적 환경,경험적 측면,오피스 공간 변화 참여 경험_부정적 평가 이유__기타 (직접 입력),기업의 물리적 환경에 변화를 만들어내는 프로세스에 직접 참여하는 경험은 어떤 점에서 부정적인 경험이었다고 생각하시나요? 모두 선택해주세요.,,객관식 중복,,0=미선택|1=선택,,N,expanded,binary,
Q77_M7_TEXT,물리적 환경,경험적 측면,오피스 공간 변화 참여 경험_부정적 평가 이유__기타_텍스트,기업의 물리적 환경에 변화를 만들어내는 프로세스에 직접 참여하는 경험은 어떤 점에서 부정적인 경험이었다고 생각하시나요? 모두 선택해주세요.,,객관식 중복,,,,Y,expanded,text,
Q78,물리적 환경,경험적 측면,물리적 환경 만족도,우리 회사의 직원들이 일하는 공간을 포함한 물리적 환경에 얼마만큼 만족하시나요?,매우 불만족함|불만족함|보통|만족함|매우 만족함,객관식 단일,5,1=매우 불만족함|2=불만족함|3=보통|4=만족함|5=매우 만족함,,N,raw,label,
Q79,물리적 환경,키워드 평가,사무환경 키워드 평가_자율,다음 문장에 대해 얼마나 동의하시나요? - 우리 기업의 사무환경은 구성원들이 자율적으로 공간을 선택할 수 있다.,전혀 동의하지 않는다|동의하지 않는다|보통이다|동의한다|매우 동의한다,객관식 척도,5,1=전혀 동의하지 않는다|2=동의하지 않는다|3=보통이다|4=동의한다|5=매우 동의한다,,N,raw,score,
Q80,물리적 환경,키워드 평가,사무환경 키워드 평가_유연,다음 문장에 대해 얼마나 동의하시나요? - 우리 기업의 사무환경은 경직되어 있지 않고 유연하다.,전혀 동의하지 않는다|동의하지 않는다|보통이다|동의한다|매우 동의한다,객관식 척도,5,1=전혀 동의하지 않는다|2=동의하지 않는다|3=보통이다|4=동의한다|5=매우 동의한다,,N,raw,score,
Q81,물리적 환경,키워드 평가,사무환경 키워드 평가_수평,다음 문장에 대해 얼마나 동의하시나요? - 우리 기업의 사무환경은 직급에 관계 없이 모든 공간을 평등하게 사용할 수 있다.,전혀 동의하지 않는다|동의하지 않는다|보통이다|동의한다|매우 동의한다,객관식 척도,5,1=전혀 동의하지 않는다|2=동의하지 않는다|3=보통이다|4=동의한다|5=매우 동의한다,,N,raw,score,
Q82,물리적 환경,키워드 평가,사무환경 키워드 평가_협력,다음 문장에 대해 얼마나 동의하시나요? - 우리 기업의 사무환경은 구성원간 커뮤니케이션을 충분히 지원해준다.,전혀 동의하지 않는다|동의하지 않는다|보통이다|동의한다|매우 동의한다,객관식 척도,5,1=전혀 동의하지 않는다|2=동의하지 않는다|3=보통이다|4=동의한다|5=매우 동의한다,,N,raw,score,
Q83,물리적 환경,키워드 평가,사무환경 키워드 평가_몰입,다음 문장에 대해 얼마나 동의하시나요? - 우리 기업의 사무환경은 구성원들의 업무 몰입을 돕는 환경이다.,전혀 동의하지 않는다|동의하지 않는다|보통이다|동의한다|매우 동의한다,객관식 척도,5,1=전혀 동의하지 않는다|2=동의하지 않는다|3=보통이다|4=동의한다|5=매우 동의한다,,N,raw,score,
Q84,물리적 환경,키워드 평가,사무환경 키워드 평가_건강,다음 문장에 대해 얼마나 동의하시나요? -. 우리 기업의 사무환경은 구성원들의 신체적/정신적 건강을 배려한 환경이다.,전혀 동의하지 않는다|동의하지 않는다|보통이다|동의한다|매우 동의한다,객관식 척도,5,1=전혀 동의하지 않는다|2=동의하지 않는다|3=보통이다|4=동의한다|5=매우 동의한다,,N,raw,score,
Q85,문화적 환경,키워드 평가,조직문화 키워드 평가_자율,다음 문장에 대해 얼마나 동의하시나요?   - 우리 회사는 구성원이 주도적으로 업무를 수행하고 자율적으로 관리한다,전혀 동의하지 않는다|동의하지 않는다|보통이다|동의한다|매우 동의한다,객관식 척도,5,1=전혀 동의하지 않는다|2=동의하지 않는다|3=보통이다|4=동의한다|5=매우 동의한다,,N,raw,score,
Q86,문화적 환경,키워드 평가,조직문화 키워드 평가_몰입,다음 문장에 대해 얼마나 동의하시나요?   - 우리 회사는 구성원들이 자발적 동기를 갖고 업무를 수행한다,전혀 동의하지 않는다|동의하지 않는다|보통이다|동의한다|매우 동의한다,객관식 척도,5,1=전혀 동의하지 않는다|2=동의하지 않는다|3=보통이다|4=동의한다|5=매우 동의한다,,N,raw,score,
Q87,문화적 환경,키워드 평가,조직문화 키워드 평가_수평,다음 문장에 대해 얼마나 동의하시나요?   - 우리 회사는 직급간 자유로운 의견 교류가 가능하다,전혀 동의하지 않는다|동의하지 않는다|보통이다|동의한다|매우 동의한다,객관식 척도,5,1=전혀 동의하지 않는다|2=동의하지 않는다|3=보통이다|4=동의한다|5=매우 동의한다,,N,raw,score,
Q88,문화적 환경,키워드 평가,조직문화 키워드 평가_협력,다음 문장에 대해 얼마나 동의하시나요?   - 우리 회사는 구성원들이 공동의 목표를 공유하며 협력한다,전혀 동의하지 않는다|동의하지 않는다|보통이다|동의한다|매우 동의한다,객관식 척도,5,1=전혀 동의하지 않는다|2=동의하지 않는다|3=보통이다|4=동의한다|5=매우 동의한다,,N,raw,score,
