question_no,question_label,data_column_role,vendor_variable,vendor_label
P1,응답코드,raw,응답ID,응답ID
P2,패널코드,raw,패널코드,패널코드
P3,성별,raw,성별,성별
P4,나이,raw,나이,나이
P5,거주 지역(상세),raw,지역,지역
P6,거주 지역,raw,지역그룹,지역그룹
P7,세대,raw,나이,나이 -> 세대 파생
Q1,사업장 지역,raw,SQ3,귀하께서 근무하시는 기업의 사업장 소재지는 어디인가요?
Q2,사업장 인원,raw,SQ4,현재 근무하고 있는 사업장(오피스)에 근무하는 인원은 몇 명인가요?
Q3,업종,raw,BSQ5,귀하께서 재직 중인 기업은 다음 중 어느 업종에 해당하나요?
Q3_TEXT,업종__기타_텍스트,expanded,BSQ5[TEXT],귀하께서 재직 중인 기업은 다음 중 어느 업종에 해당하나요?
Q4,직무,raw,BSQ6,현재 귀하께서 담당하고 있는 주요 업무는 무엇인가요?
Q4_TEXT,직무__기타_텍스트,expanded,BSQ6[TEXT],현재 귀하께서 담당하고 있는 주요 업무는 무엇인가요?
Q5,기업 유형,raw,BSQ7,귀하께서 재직 중인 기업은 다음 중 어디에 해당하나요?
Q5_TEXT,기업 유형__기타_텍스트,expanded,BSQ7[TEXT],귀하께서 재직 중인 기업은 다음 중 어디에 해당하나요?
Q6,직책,raw,SQ8,귀하의 기업 내 직책은 어디에 해당하나요?
Q7,총 경력,raw,SQ9,귀하의 직장생활 총 경력은 어떻게 되나요?
Q8,현 직장 재직 기간,raw,SQ10,현재 직장에서의 재직 기간은 어떻게 되나요?
Q9,사무실 출근일수,raw,SQ2,한 주에 평균 며칠 사무실에서 근무하시나요?
Q10,현재 운영 중인 근무 제도,raw,Q2,회사에서 특별히 운영하고 있는 근무제도는 무엇이 있나요? 해당하는 것을 모두 선택해 주세요.
Q10_M1,현재 운영 중인 근무 제도__운영하는 특별 근무 제도 없음,expanded,Q2[M1],회사에서 특별히 운영하고 있는 근무제도는 무엇이 있나요? 해당하는 것을 모두 선택해 주세요.
Q10_M2,"현재 운영 중인 근무 제도__원격 근무제 (재택근무 등, 본 근무지 이외 장소에서 업무)",expanded,Q2[M2],회사에서 특별히 운영하고 있는 근무제도는 무엇이 있나요? 해당하는 것을 모두 선택해 주세요.
Q10_M3,현재 운영 중인 근무 제도__선택적 근로시간제 (근무일수 & 하루 근무시간 고정 / 출퇴근 시간 조정 가능),expanded,Q2[M3],회사에서 특별히 운영하고 있는 근무제도는 무엇이 있나요? 해당하는 것을 모두 선택해 주세요.
Q10_M4,현재 운영 중인 근무 제도__탄력적 근로시간제 (일주일 근무시간 고정 / 출퇴근 시간 & 근무일수 조정 가능),expanded,Q2[M4],회사에서 특별히 운영하고 있는 근무제도는 무엇이 있나요? 해당하는 것을 모두 선택해 주세요.
Q10_M5,현재 운영 중인 근무 제도__주 4일(이하) 근무제 (조직 차원에서 주 4일(이하)로 근무일수를 정한 경우),expanded,Q2[M5],회사에서 특별히 운영하고 있는 근무제도는 무엇이 있나요? 해당하는 것을 모두 선택해 주세요.
Q10_M6,현재 운영 중인 근무 제도__기타 (직접 입력),expanded,Q2[M6],회사에서 특별히 운영하고 있는 근무제도는 무엇이 있나요? 해당하는 것을 모두 선택해 주세요.
Q10_M6_TEXT,현재 운영 중인 근무 제도__기타_텍스트,expanded,Q2[M6],회사에서 특별히 운영하고 있는 근무제도는 무엇이 있나요? 해당하는 것을 모두 선택해 주세요.
Q11,일주일 평균 근무 시간,raw,Q3,한 주에 평균 몇 시간 근무하시나요? 1시간 단위로 응답해 주세요.
Q12,이상적인 사무실 출근일수,raw,Q4,"‘오피스 외 다른 곳에서 일하는 원격근무’가 가능할 때, 오피스 출근일은 일주일에 며칠이 적당하다고 생각하시나요?"
Q13,올해 이용해 본 근무 장소,raw,BQ5,다음 중 올해(2023년) 귀하께서 정규 근무 시간에 업무 장소로 이용해 본 곳을 모두 선택해주세요.
Q13_M1,올해 이용해 본 근무 장소__보기 중 근무 장소로 이용해 본 장소 없음,expanded,BQ5[M1],다음 중 올해(2023년) 귀하께서 정규 근무 시간에 업무 장소로 이용해 본 곳을 모두 선택해주세요.
Q13_M2,올해 이용해 본 근무 장소__오피스,expanded,BQ5[M2],다음 중 올해(2023년) 귀하께서 정규 근무 시간에 업무 장소로 이용해 본 곳을 모두 선택해주세요.
Q13_M3,올해 이용해 본 근무 장소__집,expanded,BQ5[M3],다음 중 올해(2023년) 귀하께서 정규 근무 시간에 업무 장소로 이용해 본 곳을 모두 선택해주세요.
Q13_M4,올해 이용해 본 근무 장소__카페,expanded,BQ5[M4],다음 중 올해(2023년) 귀하께서 정규 근무 시간에 업무 장소로 이용해 본 곳을 모두 선택해주세요.
Q13_M5,올해 이용해 본 근무 장소__공유오피스 (개인 지불),expanded,BQ5[M5],다음 중 올해(2023년) 귀하께서 정규 근무 시간에 업무 장소로 이용해 본 곳을 모두 선택해주세요.
Q13_M6,올해 이용해 본 근무 장소__공유오피스 (회사 지불),expanded,BQ5[M6],다음 중 올해(2023년) 귀하께서 정규 근무 시간에 업무 장소로 이용해 본 곳을 모두 선택해주세요.
Q13_M7,올해 이용해 본 근무 장소__거점오피스,expanded,BQ5[M7],다음 중 올해(2023년) 귀하께서 정규 근무 시간에 업무 장소로 이용해 본 곳을 모두 선택해주세요.
Q13_M8,올해 이용해 본 근무 장소__휴양지의 숙소 또는 업무 시설 (워케이션),expanded,BQ5[M8],다음 중 올해(2023년) 귀하께서 정규 근무 시간에 업무 장소로 이용해 본 곳을 모두 선택해주세요.
Q13_M9,올해 이용해 본 근무 장소__가상/메타버스 오피스 (온라인 공간),expanded,BQ5[M9],다음 중 올해(2023년) 귀하께서 정규 근무 시간에 업무 장소로 이용해 본 곳을 모두 선택해주세요.
Q13_M10,올해 이용해 본 근무 장소__기타 (직접 입력),expanded,BQ5[M10],다음 중 올해(2023년) 귀하께서 정규 근무 시간에 업무 장소로 이용해 본 곳을 모두 선택해주세요.
Q13_M10_TEXT,올해 이용해 본 근무 장소__기타_텍스트,expanded,BQ5[M10],다음 중 올해(2023년) 귀하께서 정규 근무 시간에 업무 장소로 이용해 본 곳을 모두 선택해주세요.
Q14,올해 자주 이용한 업무 장소 순위,raw,BQ6,다음 근무 장소들 중 올해(2023년) 가장 많이 이용한 곳을 순서대로 최대 3개 선택해주세요.
Q14_R1,올해 자주 이용한 업무 장소 순위__1순위,expanded,BQ6[R1],다음 근무 장소들 중 올해(2023년) 가장 많이 이용한 곳을 순서대로 최대 3개 선택해주세요.
Q14_R2,올해 자주 이용한 업무 장소 순위__2순위,expanded,BQ6[R2],다음 근무 장소들 중 올해(2023년) 가장 많이 이용한 곳을 순서대로 최대 3개 선택해주세요.
Q14_R3,올해 자주 이용한 업무 장소 순위__3순위,expanded,BQ6[R3],다음 근무 장소들 중 올해(2023년) 가장 많이 이용한 곳을 순서대로 최대 3개 선택해주세요.
Q14_TEXT,올해 자주 이용한 업무 장소 순위__기타_텍스트,expanded,BQ6[TEXT],다음 근무 장소들 중 올해(2023년) 가장 많이 이용한 곳을 순서대로 최대 3개 선택해주세요.
Q15,집중 업무 시 선호하는 업무 장소,raw,Q7,집중해서 일해야 할 때 선호하는 곳을 우선순위대로 최대3개 선택해 주세요.
Q15_R1,집중 업무 시 선호하는 업무 장소__1순위,expanded,Q7[R1],집중해서 일해야 할 때 선호하는 곳을 우선순위대로 최대3개 선택해 주세요.
Q15_R2,집중 업무 시 선호하는 업무 장소__2순위,expanded,Q7[R2],집중해서 일해야 할 때 선호하는 곳을 우선순위대로 최대3개 선택해 주세요.
Q15_R3,집중 업무 시 선호하는 업무 장소__3순위,expanded,Q7[R3],집중해서 일해야 할 때 선호하는 곳을 우선순위대로 최대3개 선택해 주세요.
Q15_TEXT,집중 업무 시 선호하는 업무 장소__기타_텍스트,expanded,Q7[TEXT],집중해서 일해야 할 때 선호하는 곳을 우선순위대로 최대3개 선택해 주세요.
Q16,창의 업무 시 선호하는 업무 장소,raw,Q8,창의적으로 일해야 할 때 선호하는 곳을 우선순위대로 최대3개 선택해 주세요.
Q16_R1,창의 업무 시 선호하는 업무 장소__1순위,expanded,Q8[R1],창의적으로 일해야 할 때 선호하는 곳을 우선순위대로 최대3개 선택해 주세요.
Q16_R2,창의 업무 시 선호하는 업무 장소__2순위,expanded,Q8[R2],창의적으로 일해야 할 때 선호하는 곳을 우선순위대로 최대3개 선택해 주세요.
Q16_R3,창의 업무 시 선호하는 업무 장소__3순위,expanded,Q8[R3],창의적으로 일해야 할 때 선호하는 곳을 우선순위대로 최대3개 선택해 주세요.
Q16_TEXT,창의 업무 시 선호하는 업무 장소__기타_텍스트,expanded,Q8[TEXT],창의적으로 일해야 할 때 선호하는 곳을 우선순위대로 최대3개 선택해 주세요.
Q17,오피스가 다른 장소보다 더 나은 점,raw,BQ9,‘오피스’가 다른 근무 장소들보다 더 낫다고 느끼는 이유를 순서대로 최대 5개 선택해 주세요.
Q17_R1,오피스가 다른 장소보다 더 나은 점__1순위,expanded,BQ9[R1],‘오피스’가 다른 근무 장소들보다 더 낫다고 느끼는 이유를 순서대로 최대 5개 선택해 주세요.
Q17_R2,오피스가 다른 장소보다 더 나은 점__2순위,expanded,BQ9[R2],‘오피스’가 다른 근무 장소들보다 더 낫다고 느끼는 이유를 순서대로 최대 5개 선택해 주세요.
Q17_R3,오피스가 다른 장소보다 더 나은 점__3순위,expanded,BQ9[R3],‘오피스’가 다른 근무 장소들보다 더 낫다고 느끼는 이유를 순서대로 최대 5개 선택해 주세요.
Q17_R4,오피스가 다른 장소보다 더 나은 점__4순위,expanded,BQ9[R4],‘오피스’가 다른 근무 장소들보다 더 낫다고 느끼는 이유를 순서대로 최대 5개 선택해 주세요.
Q17_R5,오피스가 다른 장소보다 더 나은 점__5순위,expanded,BQ9[R5],‘오피스’가 다른 근무 장소들보다 더 낫다고 느끼는 이유를 순서대로 최대 5개 선택해 주세요.
Q17_TEXT,오피스가 다른 장소보다 더 나은 점__기타_텍스트,expanded,BQ9[TEXT],‘오피스’가 다른 근무 장소들보다 더 낫다고 느끼는 이유를 순서대로 최대 5개 선택해 주세요.
Q18,오피스 외 장소에서 일하고 싶은 이유,raw,BQ10,"오피스가 아닌 '다른 근무 장소*'들에서 근무하고 싶은 이유를 순서대로 최대 3개 선택해 주세요. * (원격 근무 시) 집, 카페, 거점 오피스, 워케이션 공간, 가상/메타버스 오피스 등."
Q18_R1,오피스 외 장소에서 일하고 싶은 이유__1순위,expanded,BQ10[R1],"오피스가 아닌 '다른 근무 장소*'들에서 근무하고 싶은 이유를 순서대로 최대 3개 선택해 주세요. * (원격 근무 시) 집, 카페, 거점 오피스, 워케이션 공간, 가상/메타버스 오피스 등."
Q18_R2,오피스 외 장소에서 일하고 싶은 이유__2순위,expanded,BQ10[R2],"오피스가 아닌 '다른 근무 장소*'들에서 근무하고 싶은 이유를 순서대로 최대 3개 선택해 주세요. * (원격 근무 시) 집, 카페, 거점 오피스, 워케이션 공간, 가상/메타버스 오피스 등."
Q18_R3,오피스 외 장소에서 일하고 싶은 이유__3순위,expanded,BQ10[R3],"오피스가 아닌 '다른 근무 장소*'들에서 근무하고 싶은 이유를 순서대로 최대 3개 선택해 주세요. * (원격 근무 시) 집, 카페, 거점 오피스, 워케이션 공간, 가상/메타버스 오피스 등."
Q18_TEXT,오피스 외 장소에서 일하고 싶은 이유__기타_텍스트,expanded,BQ10[TEXT],"오피스가 아닌 '다른 근무 장소*'들에서 근무하고 싶은 이유를 순서대로 최대 3개 선택해 주세요. * (원격 근무 시) 집, 카페, 거점 오피스, 워케이션 공간, 가상/메타버스 오피스 등."
Q19,선호하는 근무 방식,raw,Q12,다음 중 가장 선호하는 근무 방식을 선택해 주세요.
Q20,선호하는 업무 분위기,raw,Q13,귀하가 선호하는 업무 분위기는 다음 중 어디에 가까운가요? 조직적이고체계적인분위기에서일하는 것을선호한다 수평적이고유연한분위기에서일하는 것을선호한다
Q21,업무 특성 (독립/협업),raw,Q14,귀하의 업무 특성은 다음 중 어디에 가까운가요? 독립 내 일은 혼자 하는 업무가 많은 편이다. 협업 내 일은 다른 구성원들과의 소통과 협업이 많은 편이다.
Q22,업무 특성 (정형/창의),raw,Q15,귀하의 업무 특성은 다음 중 어디에 가까운가요? 정형 내 일은 상호 합의된 프로세스와 시스템 안에서 진행하는 것이 중요하다. 창의 내 일은 새로운 시도를 통한 창의적인 결과물 도출이 중요하다.
Q23,리더 유형(관계지향/성과지향),raw,Q16,현재 귀하의 직속 리더는 다음 중 어떤 유형에 가까운가요? 관계지향형 구성원간 사회적 관계가 업무에 주는 영향력을 중시하는 리더 성과지향형 과업 목적 달성을 통한 성과 창출을 업무에서 가장 우선시하는 리더
Q24,리더 유형(관리형/위임형),raw,Q17,현재 귀하의 직속 리더는 다음 중 어떤 유형에 가까운가요? 관리형 리더 실무진의 업무를 꼼꼼하게 관리하는 리더 위임형 리더 실무진에게 의사결정 과정을 위임하는 리더
Q25,회의 유형,raw,Q18,보기로 주어진 회의 유형들을 참석 빈도가 높은 순으로 나열해주세요.
Q25_R1,회의 유형__1순위,expanded,Q18[R1],보기로 주어진 회의 유형들을 참석 빈도가 높은 순으로 나열해주세요.
Q25_R2,회의 유형__2순위,expanded,Q18[R2],보기로 주어진 회의 유형들을 참석 빈도가 높은 순으로 나열해주세요.
Q25_R3,회의 유형__3순위,expanded,Q18[R3],보기로 주어진 회의 유형들을 참석 빈도가 높은 순으로 나열해주세요.
Q25_R4,회의 유형__4순위,expanded,Q18[R4],보기로 주어진 회의 유형들을 참석 빈도가 높은 순으로 나열해주세요.
Q25_R5,회의 유형__5순위,expanded,Q18[R5],보기로 주어진 회의 유형들을 참석 빈도가 높은 순으로 나열해주세요.
Q25_TEXT,회의 유형__기타_텍스트,expanded,Q18[TEXT],보기로 주어진 회의 유형들을 참석 빈도가 높은 순으로 나열해주세요.
Q26,회의 진행 시간,raw,Q19,보기로 주어진 회의 진행 시간들을 참석 빈도가 높은 순으로 나열해주세요.
Q26_R1,회의 진행 시간__1순위,expanded,Q19[R1],보기로 주어진 회의 진행 시간들을 참석 빈도가 높은 순으로 나열해주세요.
Q26_R2,회의 진행 시간__2순위,expanded,Q19[R2],보기로 주어진 회의 진행 시간들을 참석 빈도가 높은 순으로 나열해주세요.
Q26_R3,회의 진행 시간__3순위,expanded,Q19[R3],보기로 주어진 회의 진행 시간들을 참석 빈도가 높은 순으로 나열해주세요.
Q26_R4,회의 진행 시간__4순위,expanded,Q19[R4],보기로 주어진 회의 진행 시간들을 참석 빈도가 높은 순으로 나열해주세요.
Q27,회의 규모,raw,Q20,보기로 주어진 회의 규모들을 참석 빈도가 높은 순으로 나열해주세요.
Q27_R1,회의 규모__1순위,expanded,Q20[R1],보기로 주어진 회의 규모들을 참석 빈도가 높은 순으로 나열해주세요.
Q27_R2,회의 규모__2순위,expanded,Q20[R2],보기로 주어진 회의 규모들을 참석 빈도가 높은 순으로 나열해주세요.
Q27_R3,회의 규모__3순위,expanded,Q20[R3],보기로 주어진 회의 규모들을 참석 빈도가 높은 순으로 나열해주세요.
Q27_R4,회의 규모__4순위,expanded,Q20[R4],보기로 주어진 회의 규모들을 참석 빈도가 높은 순으로 나열해주세요.
Q28,개인 업무 좌석 외에 다른 곳에서 일할 수 있는 분위기인가,raw,Q21,"귀하의 조직은 근무 시간 중 개인 업무 좌석을 벗어나 다른 오피스 공간을 사용할 수 있는 분위기/문화가 조성되어 있나요? (회의, 외근 등 계획된 일정으로 자리를 비우는 것은 제외)"
Q29,개인 업무 좌석 외에 일할 수 있는 공간이 있는가,raw,Q22,"귀하의 오피스에는 근무 시간 중 개인 업무 좌석 이외에 일할 수 있는 공간*이 별도로 마련되어 있나요? * 집중업무좌석, 핫데스크, 워크라운지 등"
Q30,개인 업무 좌석 외 별도 업무 공간 이용 횟수,raw,Q23,"하루 평균 몇 회 개인 업무 좌석 이외의 별도로 일할 수 있는 공간*을 이용 하시나요? * 집중업무좌석, 핫데스크, 워크라운지 등"
Q31,하루 평균 업무 몰입도,raw,Q24,하루 평균 몇 %정도 몰입*해서 일한다고 느끼시나요? * 업무 몰입은 업무 진행 결과 성과에 대한 충분한 만족과 성취감을 주는 모든 업무 방식을 의미합니다.
Q32,업무 만족도,raw,Q25,귀하께서는 현재 본인의 업무에 대해 얼마나 만족하시나요?
Q33,호칭 체계,raw,BQ27,현재 어떤 호칭 체계를 사용하고 있나요?
Q33_TEXT,호칭 체계__기타_텍스트,expanded,BQ27[TEXT],현재 어떤 호칭 체계를 사용하고 있나요?
Q34,수평적 호칭 체계의 긍정적 영향,raw,Q28,"수평적 호칭 체계*가 기업에 가져올 수 있는 긍정적 영향들을 효과적이라고 생각하는 순서대로 선택해 주세요. * ~님, ~프로, 영어 이름"
Q34_R1,수평적 호칭 체계의 긍정적 영향__1순위,expanded,Q28[R1],"수평적 호칭 체계*가 기업에 가져올 수 있는 긍정적 영향들을 효과적이라고 생각하는 순서대로 선택해 주세요. * ~님, ~프로, 영어 이름"
Q34_R2,수평적 호칭 체계의 긍정적 영향__2순위,expanded,Q28[R2],"수평적 호칭 체계*가 기업에 가져올 수 있는 긍정적 영향들을 효과적이라고 생각하는 순서대로 선택해 주세요. * ~님, ~프로, 영어 이름"
Q34_R3,수평적 호칭 체계의 긍정적 영향__3순위,expanded,Q28[R3],"수평적 호칭 체계*가 기업에 가져올 수 있는 긍정적 영향들을 효과적이라고 생각하는 순서대로 선택해 주세요. * ~님, ~프로, 영어 이름"
Q34_R4,수평적 호칭 체계의 긍정적 영향__4순위,expanded,Q28[R4],"수평적 호칭 체계*가 기업에 가져올 수 있는 긍정적 영향들을 효과적이라고 생각하는 순서대로 선택해 주세요. * ~님, ~프로, 영어 이름"
Q34_R5,수평적 호칭 체계의 긍정적 영향__5순위,expanded,Q28[R5],"수평적 호칭 체계*가 기업에 가져올 수 있는 긍정적 영향들을 효과적이라고 생각하는 순서대로 선택해 주세요. * ~님, ~프로, 영어 이름"
Q35,회사가 조직문화 내재화를 위해 노력하고 있는가,raw,Q29,귀하의 기업은 구성원들이 조직문화와 핵심가치를 인지하고 내재화 할 수 있게 노력하고 있나요?
Q36,조직 문화 내재화를 위해 시행되고 있는 방법,raw,Q30,구성원들에게 조직문화와 핵심가치를 전달하는 방법들 중 귀하의 기업이 적용하고 있는 항목을 모두 선택해 주세요.
Q36_M1,조직 문화 내재화를 위해 시행되고 있는 방법__보기 중 해당 사항 없음,expanded,Q30[M1],구성원들에게 조직문화와 핵심가치를 전달하는 방법들 중 귀하의 기업이 적용하고 있는 항목을 모두 선택해 주세요.
Q36_M2,"조직 문화 내재화를 위해 시행되고 있는 방법__이메일, 메신저, 사내 게시판(온/오프라인) 활용",expanded,Q30[M2],구성원들에게 조직문화와 핵심가치를 전달하는 방법들 중 귀하의 기업이 적용하고 있는 항목을 모두 선택해 주세요.
Q36_M3,"조직 문화 내재화를 위해 시행되고 있는 방법__캠페인, 이벤트 (온/오프라인)",expanded,Q30[M3],구성원들에게 조직문화와 핵심가치를 전달하는 방법들 중 귀하의 기업이 적용하고 있는 항목을 모두 선택해 주세요.
Q36_M4,"조직 문화 내재화를 위해 시행되고 있는 방법__내부 교육, 워크샵 (온/오프라인)",expanded,Q30[M4],구성원들에게 조직문화와 핵심가치를 전달하는 방법들 중 귀하의 기업이 적용하고 있는 항목을 모두 선택해 주세요.
Q36_M5,조직 문화 내재화를 위해 시행되고 있는 방법__조직 문화&가치관 문서화 자료 배포,expanded,Q30[M5],구성원들에게 조직문화와 핵심가치를 전달하는 방법들 중 귀하의 기업이 적용하고 있는 항목을 모두 선택해 주세요.
Q36_M6,조직 문화 내재화를 위해 시행되고 있는 방법__관리자급 구성원 통한 전파,expanded,Q30[M6],구성원들에게 조직문화와 핵심가치를 전달하는 방법들 중 귀하의 기업이 적용하고 있는 항목을 모두 선택해 주세요.
Q36_M7,"조직 문화 내재화를 위해 시행되고 있는 방법__조직문화 인플루언서, 컬처 에이전트(CA) 운영",expanded,Q30[M7],구성원들에게 조직문화와 핵심가치를 전달하는 방법들 중 귀하의 기업이 적용하고 있는 항목을 모두 선택해 주세요.
Q36_M8,"조직 문화 내재화를 위해 시행되고 있는 방법__상징적 요소 활용 (로고, 슬로건)",expanded,Q30[M8],구성원들에게 조직문화와 핵심가치를 전달하는 방법들 중 귀하의 기업이 적용하고 있는 항목을 모두 선택해 주세요.
Q36_M9,"조직 문화 내재화를 위해 시행되고 있는 방법__물리적 사무환경 (건물, 인테리어, 레이아웃, 집기 선정)",expanded,Q30[M9],구성원들에게 조직문화와 핵심가치를 전달하는 방법들 중 귀하의 기업이 적용하고 있는 항목을 모두 선택해 주세요.
Q36_M10,조직 문화 내재화를 위해 시행되고 있는 방법__기타 (직접 입력),expanded,Q30[M10],구성원들에게 조직문화와 핵심가치를 전달하는 방법들 중 귀하의 기업이 적용하고 있는 항목을 모두 선택해 주세요.
Q36_M10_TEXT,조직 문화 내재화를 위해 시행되고 있는 방법__기타_텍스트,expanded,Q30[M10],구성원들에게 조직문화와 핵심가치를 전달하는 방법들 중 귀하의 기업이 적용하고 있는 항목을 모두 선택해 주세요.
Q37,조직 문화 내재화에 효과적이라고 생각하는 방법,raw,Q31,구성원들에게 조직문화와 핵심가치를 전달하는 방법들 중 가장 효과적이라고 생각하는 항목을 최대 3개 선택해 주세요.
Q37_M1,"조직 문화 내재화에 효과적이라고 생각하는 방법__이메일, 메신저, 사내 게시판(온/오프라인) 활용",expanded,Q31[M1],구성원들에게 조직문화와 핵심가치를 전달하는 방법들 중 가장 효과적이라고 생각하는 항목을 최대 3개 선택해 주세요.
Q37_M2,"조직 문화 내재화에 효과적이라고 생각하는 방법__캠페인, 이벤트 (온/오프라인)",expanded,Q31[M2],구성원들에게 조직문화와 핵심가치를 전달하는 방법들 중 가장 효과적이라고 생각하는 항목을 최대 3개 선택해 주세요.
Q37_M3,"조직 문화 내재화에 효과적이라고 생각하는 방법__내부 교육, 워크샵 (온/오프라인)",expanded,Q31[M3],구성원들에게 조직문화와 핵심가치를 전달하는 방법들 중 가장 효과적이라고 생각하는 항목을 최대 3개 선택해 주세요.
Q37_M4,조직 문화 내재화에 효과적이라고 생각하는 방법__조직 문화&가치관 문서화 자료 배포,expanded,Q31[M4],구성원들에게 조직문화와 핵심가치를 전달하는 방법들 중 가장 효과적이라고 생각하는 항목을 최대 3개 선택해 주세요.
Q37_M5,조직 문화 내재화에 효과적이라고 생각하는 방법__관리자급 구성원 통한 전파,expanded,Q31[M5],구성원들에게 조직문화와 핵심가치를 전달하는 방법들 중 가장 효과적이라고 생각하는 항목을 최대 3개 선택해 주세요.
Q37_M6,"조직 문화 내재화에 효과적이라고 생각하는 방법__조직문화 인플루언서, 컬처 에이전트(CA) 운영",expanded,Q31[M6],구성원들에게 조직문화와 핵심가치를 전달하는 방법들 중 가장 효과적이라고 생각하는 항목을 최대 3개 선택해 주세요.
Q37_M7,"조직 문화 내재화에 효과적이라고 생각하는 방법__상징적 요소 활용 (로고, 슬로건)",expanded,Q31[M7],구성원들에게 조직문화와 핵심가치를 전달하는 방법들 중 가장 효과적이라고 생각하는 항목을 최대 3개 선택해 주세요.
Q37_M8,"조직 문화 내재화에 효과적이라고 생각하는 방법__물리적 사무환경 (건물, 인테리어, 레이아웃, 집기 선정)",expanded,Q31[M8],구성원들에게 조직문화와 핵심가치를 전달하는 방법들 중 가장 효과적이라고 생각하는 항목을 최대 3개 선택해 주세요.
Q37_M9,조직 문화 내재화에 효과적이라고 생각하는 방법__기타 (직접 입력),expanded,Q31[M9],구성원들에게 조직문화와 핵심가치를 전달하는 방법들 중 가장 효과적이라고 생각하는 항목을 최대 3개 선택해 주세요.
Q37_M9_TEXT,조직 문화 내재화에 효과적이라고 생각하는 방법__기타_텍스트,expanded,Q31[M9],구성원들에게 조직문화와 핵심가치를 전달하는 방법들 중 가장 효과적이라고 생각하는 항목을 최대 3개 선택해 주세요.
Q38,자기 계발 지원 여부,raw,Q32,귀하의 기업은 구성원 개인의 업무 능력 증진 또는 자기개발*을 위한 지원을 하고 있나요? * 직무 관련 교육 수강 / 자격증 준비 지원 / 외국어 활용 능력 증진 교육 등.
Q39,심리적 안정감 중시 여부,raw,Q33,귀하의 기업은 조직문화적으로 구성원들의 심리적 안정감*을 중요하게 생각하고 있나요? * 심리적 안정감이란? 직장에서 소통시 구성원간 상호 신뢰와 존중을 기반으로 비난의 걱정 없이 서로 의견을 주고 받을 수 있다는 공동의 믿음을 의미합니다.
Q40,개인별 다양성 중시 여부,raw,Q34,"귀하의 기업은 조직문화적으로 구성원 개인의 다양성*을 중요하게 생각하고 있나요? * 연령, 성별, 국적, 장애의 유무, 성격, 성향, 생활 방식, 가치관, 세계관 등."
Q41,구성원 존중 여부,raw,Q35,귀하의 기업은 구성원들을 소중히 여기고 있다고 느끼시나요?
Q42,문화적 환경 만족도,raw,Q36,우리 회사의 일하는 방식과 제도 및 조직 문화에 얼만큼 만족하시나요?
Q43,보고 및 결재 방식,raw,Q38,다음 중 가장 많이 하는 보고 및 결재 방식을 선택해 주세요.
Q43_TEXT,보고 및 결재 방식__기타_텍스트,expanded,Q38[TEXT],다음 중 가장 많이 하는 보고 및 결재 방식을 선택해 주세요.
Q44,자주 활용하는 보고 자료 유형,raw,Q39,다음 중 가장 자주 활용하는 업무 보고 자료 유형을 선택해 주세요.
Q44_TEXT,자주 활용하는 보고 자료 유형__기타_텍스트,expanded,Q39[TEXT],다음 중 가장 자주 활용하는 업무 보고 자료 유형을 선택해 주세요.
Q45,현재 갖춰져 있는 스마트워크 환경 요소,raw,Q40,귀하의 회사에 ‘스마트워크*’를 위한 환경으로 갖춰져 있는 항목을 모두 선택해 주세요. * 스마트워크는 시간과 장소에 구애받지 않고 언제 어디서나 일하는 것을 의미합니다.
Q45_M1,"현재 갖춰져 있는 스마트워크 환경 요소__자리 예약 시스템 (전자 명패, 예약 키오스크)",expanded,Q40[M1],귀하의 회사에 ‘스마트워크*’를 위한 환경으로 갖춰져 있는 항목을 모두 선택해 주세요. * 스마트워크는 시간과 장소에 구애받지 않고 언제 어디서나 일하는 것을 의미합니다.
Q45_M2,"현재 갖춰져 있는 스마트워크 환경 요소__회의 예약 시스템 (회의 예약, 알람, 예약 현황 패드)",expanded,Q40[M2],귀하의 회사에 ‘스마트워크*’를 위한 환경으로 갖춰져 있는 항목을 모두 선택해 주세요. * 스마트워크는 시간과 장소에 구애받지 않고 언제 어디서나 일하는 것을 의미합니다.
Q45_M3,현재 갖춰져 있는 스마트워크 환경 요소__도킹 시스템 (무선 기반으로 손쉬운 랩탑 사용 지원),expanded,Q40[M3],귀하의 회사에 ‘스마트워크*’를 위한 환경으로 갖춰져 있는 항목을 모두 선택해 주세요. * 스마트워크는 시간과 장소에 구애받지 않고 언제 어디서나 일하는 것을 의미합니다.
Q45_M4,현재 갖춰져 있는 스마트워크 환경 요소__기업 모바일 전화 App (유선전화 대체),expanded,Q40[M4],귀하의 회사에 ‘스마트워크*’를 위한 환경으로 갖춰져 있는 항목을 모두 선택해 주세요. * 스마트워크는 시간과 장소에 구애받지 않고 언제 어디서나 일하는 것을 의미합니다.
Q45_M5,"현재 갖춰져 있는 스마트워크 환경 요소__화상 회의 시스템 (화상 컨퍼런스 캠, 카메라, 마이크)",expanded,Q40[M5],귀하의 회사에 ‘스마트워크*’를 위한 환경으로 갖춰져 있는 항목을 모두 선택해 주세요. * 스마트워크는 시간과 장소에 구애받지 않고 언제 어디서나 일하는 것을 의미합니다.
Q45_M6,"현재 갖춰져 있는 스마트워크 환경 요소__스마트 회의 장비 (전자 칠판, 터치 모니터 등)",expanded,Q40[M6],귀하의 회사에 ‘스마트워크*’를 위한 환경으로 갖춰져 있는 항목을 모두 선택해 주세요. * 스마트워크는 시간과 장소에 구애받지 않고 언제 어디서나 일하는 것을 의미합니다.
Q45_M7,"현재 갖춰져 있는 스마트워크 환경 요소__IOT 환경 조절 (모바일로 온/습도, 공기질 등 조절하는 인프라 제어 및 관리)",expanded,Q40[M7],귀하의 회사에 ‘스마트워크*’를 위한 환경으로 갖춰져 있는 항목을 모두 선택해 주세요. * 스마트워크는 시간과 장소에 구애받지 않고 언제 어디서나 일하는 것을 의미합니다.
Q45_M8,"현재 갖춰져 있는 스마트워크 환경 요소__내부 인트라넷 (내부 문서, 결재 등 진행하는 기업 전용 포털)",expanded,Q40[M8],귀하의 회사에 ‘스마트워크*’를 위한 환경으로 갖춰져 있는 항목을 모두 선택해 주세요. * 스마트워크는 시간과 장소에 구애받지 않고 언제 어디서나 일하는 것을 의미합니다.
Q45_M9,"현재 갖춰져 있는 스마트워크 환경 요소__온라인 협업 툴 - Slack, Teams, 노션 등 스마트 워크 툴",expanded,Q40[M9],귀하의 회사에 ‘스마트워크*’를 위한 환경으로 갖춰져 있는 항목을 모두 선택해 주세요. * 스마트워크는 시간과 장소에 구애받지 않고 언제 어디서나 일하는 것을 의미합니다.
Q45_M10,현재 갖춰져 있는 스마트워크 환경 요소__안면인식 게이트,expanded,Q40[M10],귀하의 회사에 ‘스마트워크*’를 위한 환경으로 갖춰져 있는 항목을 모두 선택해 주세요. * 스마트워크는 시간과 장소에 구애받지 않고 언제 어디서나 일하는 것을 의미합니다.
Q45_M11,현재 갖춰져 있는 스마트워크 환경 요소__스마트 출퇴근 관리 어플리케이션,expanded,Q40[M11],귀하의 회사에 ‘스마트워크*’를 위한 환경으로 갖춰져 있는 항목을 모두 선택해 주세요. * 스마트워크는 시간과 장소에 구애받지 않고 언제 어디서나 일하는 것을 의미합니다.
Q45_M12,현재 갖춰져 있는 스마트워크 환경 요소__로봇/AI 비서,expanded,Q40[M12],귀하의 회사에 ‘스마트워크*’를 위한 환경으로 갖춰져 있는 항목을 모두 선택해 주세요. * 스마트워크는 시간과 장소에 구애받지 않고 언제 어디서나 일하는 것을 의미합니다.
Q45_M13,현재 갖춰져 있는 스마트워크 환경 요소__기타 (직접 입력),expanded,Q40[M13],귀하의 회사에 ‘스마트워크*’를 위한 환경으로 갖춰져 있는 항목을 모두 선택해 주세요. * 스마트워크는 시간과 장소에 구애받지 않고 언제 어디서나 일하는 것을 의미합니다.
Q45_M13_TEXT,현재 갖춰져 있는 스마트워크 환경 요소__기타_텍스트,expanded,Q40[M13],귀하의 회사에 ‘스마트워크*’를 위한 환경으로 갖춰져 있는 항목을 모두 선택해 주세요. * 스마트워크는 시간과 장소에 구애받지 않고 언제 어디서나 일하는 것을 의미합니다.
Q46,원활한 스마트 워크가 가능한 환경인가,raw,Q41,현재 갖추어진 업무 환경이 원활한 스마트워크*를 하기에 충분한 환경이라고 생각하시나요? * 스마트워크는 시간과 장소에 구애받지 않고 언제 어디서나 일하는 것을 의미합니다.
Q47,현재 사용 중인 IT장비,raw,Q42,업무시 사용하고 있는 개인용 IT 장비를 모두 선택해주세요.
Q47_M1,현재 사용 중인 IT장비__노트북,expanded,Q42[M1],업무시 사용하고 있는 개인용 IT 장비를 모두 선택해주세요.
Q47_M2,현재 사용 중인 IT장비__데스크탑,expanded,Q42[M2],업무시 사용하고 있는 개인용 IT 장비를 모두 선택해주세요.
Q47_M3,현재 사용 중인 IT장비__태블릿,expanded,Q42[M3],업무시 사용하고 있는 개인용 IT 장비를 모두 선택해주세요.
Q47_M4,현재 사용 중인 IT장비__유선 전화,expanded,Q42[M4],업무시 사용하고 있는 개인용 IT 장비를 모두 선택해주세요.
Q47_M5,현재 사용 중인 IT장비__개인 휴대폰 이외 업무용 전화,expanded,Q42[M5],업무시 사용하고 있는 개인용 IT 장비를 모두 선택해주세요.
Q47_M6,현재 사용 중인 IT장비__기타(직접 입력),expanded,Q42[M6],업무시 사용하고 있는 개인용 IT 장비를 모두 선택해주세요.
Q47_M6_TEXT,현재 사용 중인 IT장비__기타_텍스트,expanded,Q42[M6],업무시 사용하고 있는 개인용 IT 장비를 모두 선택해주세요.
Q48,IT 인프라를 충분히 지원해주는가,raw,Q43,귀하의 기업은 업무에 필요한 IT 인프라(하드웨어/소프트웨어)를 충분히 지원해주고 있나요?
Q49,심리스(Seamless) 환경이 구축되어 있는가,raw,Q44,"현재 사용하시는 업무 툴, 인트라넷, 시스템들이 '유기적으로 잘 연결*'되어 있나요? * 소통 및 업무용 어플리케이션 통합 운용, 다목적 사원증/출입증 제공, 기업 전용 UI/UX 중복작업 필요 없는 환경"
Q50,사내 정보에 쉽게 접근할 수 있는 시스템이 있는가,raw,Q45,"사내 업무 정보, 지식 콘텐츠*등을 쉽게 검색하고 활용할 수 있는 시스템이 갖춰져 있나요? * 업무 매뉴얼, 관련 자료, 진행업무 정보, 조직문화 가이드, 사내 규칙 등"
Q51,새로운 IT기술 도입에 적극적인가,raw,Q46,귀하의 기업은 업무 혁신을 위한 새로운 IT 인프라 및 기술적 지원 도입에 적극적인가요?
Q52,새로운 IT기술 내재화를 위한 교육에 적극적인가,raw,Q47,"귀하의 기업은 직원들에게 새로운 IT기술과 업무방식을 내재화하기 위해 적극적으로 지원(교육, 피드백 등)하고 있나요?"
Q53,업무에 AI를 활용하고 있는가,raw,Q48,현재 업무 진행시 생성형 AI를 비롯한 인공 지능을 활용하고 계신가요?
Q54,AI가 현 직무를 대체할 수 있다고 생각하는가,raw,Q49,생성형 AI를 비롯한 인공 지능이 앞으로 귀하의 직무 혹은 직업군을 대체할 수 있을 것이라고 예상하시나요?
Q55,AI의 긍정적 영향,raw,Q50,다음은 인공지능(AI) 관련 기술의 성장이 직장에 가져올 수 있을 것이라 기대되는 긍정적인 내용들을 나열한 것입니다. 업무에 가장 도움이 될 것이라고 예상되는 순서대로 최대 3개까지 선택해 주세요.
Q55_M1,AI의 긍정적 영향__반복적&일상적 작업 수행의 자동화,expanded,Q50[M1],다음은 인공지능(AI) 관련 기술의 성장이 직장에 가져올 수 있을 것이라 기대되는 긍정적인 내용들을 나열한 것입니다. 업무에 가장 도움이 될 것이라고 예상되는 순서대로 최대 3개까지 선택해 주세요.
Q55_M2,AI의 긍정적 영향__보다 효율적인 업무 스케쥴 관리,expanded,Q50[M2],다음은 인공지능(AI) 관련 기술의 성장이 직장에 가져올 수 있을 것이라 기대되는 긍정적인 내용들을 나열한 것입니다. 업무에 가장 도움이 될 것이라고 예상되는 순서대로 최대 3개까지 선택해 주세요.
Q55_M3,AI의 긍정적 영향__단위 시간당 업무 생산성 향상 (작업 속도 향상),expanded,Q50[M3],다음은 인공지능(AI) 관련 기술의 성장이 직장에 가져올 수 있을 것이라 기대되는 긍정적인 내용들을 나열한 것입니다. 업무에 가장 도움이 될 것이라고 예상되는 순서대로 최대 3개까지 선택해 주세요.
Q55_M4,AI의 긍정적 영향__과업 목표 달성에 필요한 업무 에너지 절약,expanded,Q50[M4],다음은 인공지능(AI) 관련 기술의 성장이 직장에 가져올 수 있을 것이라 기대되는 긍정적인 내용들을 나열한 것입니다. 업무에 가장 도움이 될 것이라고 예상되는 순서대로 최대 3개까지 선택해 주세요.
Q55_M5,AI의 긍정적 영향__업무 프로세스에 필요한 정보 및 스킬 습득 용이,expanded,Q50[M5],다음은 인공지능(AI) 관련 기술의 성장이 직장에 가져올 수 있을 것이라 기대되는 긍정적인 내용들을 나열한 것입니다. 업무에 가장 도움이 될 것이라고 예상되는 순서대로 최대 3개까지 선택해 주세요.
Q55_M6,AI의 긍정적 영향__보다 우수한 퀄리티의 업무 필요 정보 습득,expanded,Q50[M6],다음은 인공지능(AI) 관련 기술의 성장이 직장에 가져올 수 있을 것이라 기대되는 긍정적인 내용들을 나열한 것입니다. 업무에 가장 도움이 될 것이라고 예상되는 순서대로 최대 3개까지 선택해 주세요.
Q55_M7,AI의 긍정적 영향__기업의 업무&지식 컨텐츠 접근성 증진,expanded,Q50[M7],다음은 인공지능(AI) 관련 기술의 성장이 직장에 가져올 수 있을 것이라 기대되는 긍정적인 내용들을 나열한 것입니다. 업무에 가장 도움이 될 것이라고 예상되는 순서대로 최대 3개까지 선택해 주세요.
Q55_M8,AI의 긍정적 영향__보다 창의적인 아이디어 도출,expanded,Q50[M8],다음은 인공지능(AI) 관련 기술의 성장이 직장에 가져올 수 있을 것이라 기대되는 긍정적인 내용들을 나열한 것입니다. 업무에 가장 도움이 될 것이라고 예상되는 순서대로 최대 3개까지 선택해 주세요.
Q55_M9,AI의 긍정적 영향__업무 보조 툴 사이의 연계 강화하여 통합적 활용,expanded,Q50[M9],다음은 인공지능(AI) 관련 기술의 성장이 직장에 가져올 수 있을 것이라 기대되는 긍정적인 내용들을 나열한 것입니다. 업무에 가장 도움이 될 것이라고 예상되는 순서대로 최대 3개까지 선택해 주세요.
Q55_M10,AI의 긍정적 영향__기타 (직접 입력),expanded,Q50[M10],다음은 인공지능(AI) 관련 기술의 성장이 직장에 가져올 수 있을 것이라 기대되는 긍정적인 내용들을 나열한 것입니다. 업무에 가장 도움이 될 것이라고 예상되는 순서대로 최대 3개까지 선택해 주세요.
Q55_M10_TEXT,AI의 긍정적 영향__기타_텍스트,expanded,Q50[M10],다음은 인공지능(AI) 관련 기술의 성장이 직장에 가져올 수 있을 것이라 기대되는 긍정적인 내용들을 나열한 것입니다. 업무에 가장 도움이 될 것이라고 예상되는 순서대로 최대 3개까지 선택해 주세요.
Q56,기술적 환경 만족도,raw,Q51,우리 회사의 기술적 환경에 대하여 얼마만큼 만족하시나요?
Q57,출퇴근 소요 시간,raw,Q53,귀하께서 사무실로 출퇴근하는 시간은 얼마나 걸리나요?편도 기준으로 응답해 주세요. (Door to Door) * 분 단위로 입력해주세요.
Q58,이상적인 출퇴근 소요 시간,raw,Q54,적정 출퇴근하는 시간은 어느 정도라고 생각하시나요?편도 기준으로 응답해 주세요. (Door to Door) * 분 단위로 입력해주세요.
Q59,현재 좌석 운영 방식 (고정/자율),raw,Q55,현재 오피스 좌석 운영 방식은 무엇인가요?
Q59_TEXT,현재 좌석 운영 방식 (고정/자율)__기타_텍스트,expanded,Q55[TEXT],현재 오피스 좌석 운영 방식은 무엇인가요?
Q60,선호하는 좌석 운영 방식 (고정/자율),raw,Q56,다음 중 더 선호하는 업무 좌석 운영 방식을 선택해 주세요.
Q60_TEXT,선호하는 좌석 운영 방식 (고정/자율)__기타_텍스트,expanded,Q56[TEXT],다음 중 더 선호하는 업무 좌석 운영 방식을 선택해 주세요.
Q61,현재 업무층 레이아웃,raw,Q57,"현재 근무하시는 업무층의 오피스 레이아웃*에 가장 가까운 항목을 선택해 주세요. * 오피스 레이아웃이란? 책상, 파티션 등의 구성 요소들을 오피스 공간에 배치하는 방식을 말합니다."
Q61_TEXT,현재 업무층 레이아웃__기타_텍스트,expanded,Q57[TEXT],"현재 근무하시는 업무층의 오피스 레이아웃*에 가장 가까운 항목을 선택해 주세요. * 오피스 레이아웃이란? 책상, 파티션 등의 구성 요소들을 오피스 공간에 배치하는 방식을 말합니다."
Q62,선호하는 업무층 레이아웃,raw,Q58,"다음 중 가장 선호하는 오피스 레이아웃*을 선택해 주세요.* 오피스 레이아웃이란?책상, 파티션 등의 구성 요소들을 오피스 공간에 배치하는 방식을 말합니다."
Q62_TEXT,선호하는 업무층 레이아웃__기타_텍스트,expanded,Q58[TEXT],"다음 중 가장 선호하는 오피스 레이아웃*을 선택해 주세요.* 오피스 레이아웃이란?책상, 파티션 등의 구성 요소들을 오피스 공간에 배치하는 방식을 말합니다."
Q63,현재 좌석 구획 정도,raw,Q59,현재 업무 시 이용하는 좌석의 구획 정도에 대한 설명으로 가장 가까운 항목을 선택해 주세요.
Q63_TEXT,현재 좌석 구획 정도__기타_텍스트,expanded,Q59[TEXT],현재 업무 시 이용하는 좌석의 구획 정도에 대한 설명으로 가장 가까운 항목을 선택해 주세요.
Q64,선호하는 업무 공간 유형(오픈/프라이빗),raw,Q60,다음 중 더 선호하는 업무 공간 유형을 선택해 주세요.
Q65,선호하는 좌석 유형,raw,Q61,다음 중 가장 선호하는 좌석 유형을 선택해 주세요.
Q65_TEXT,선호하는 좌석 유형__기타_텍스트,expanded,Q61[TEXT],다음 중 가장 선호하는 좌석 유형을 선택해 주세요.
Q66,오피스 내 환경 개선 요소,raw,Q62,다음 중 우리 기업의 오피스에 마련되어 있는 환경 개선 요소를 모두 선택해 주세요.
Q66_M1,오피스 내 환경 개선 요소__환경 개선을 위한 요소 없음,expanded,Q62[M1],다음 중 우리 기업의 오피스에 마련되어 있는 환경 개선 요소를 모두 선택해 주세요.
Q66_M2,"오피스 내 환경 개선 요소__개인 맞춤 환경 세팅을 위한 요소 (높이 조절 책상/태스크체어, 개인 조명 등)",expanded,Q62[M2],다음 중 우리 기업의 오피스에 마련되어 있는 환경 개선 요소를 모두 선택해 주세요.
Q66_M3,"오피스 내 환경 개선 요소__소음 개선을 위한 요소 (배경 음악, 바닥 카펫, 흡음재 등)",expanded,Q62[M3],다음 중 우리 기업의 오피스에 마련되어 있는 환경 개선 요소를 모두 선택해 주세요.
Q66_M4,"오피스 내 환경 개선 요소__공기질 개선을 위한 요소 (식물, 제습기, 가습기, 공기청정기 등)",expanded,Q62[M4],다음 중 우리 기업의 오피스에 마련되어 있는 환경 개선 요소를 모두 선택해 주세요.
Q66_M5,"오피스 내 환경 개선 요소__편안한 업무 분위기 조성을 위한 요소 (향기 디퓨저, 그래픽적 인테리어 요소)",expanded,Q62[M5],다음 중 우리 기업의 오피스에 마련되어 있는 환경 개선 요소를 모두 선택해 주세요.
Q66_M6,"오피스 내 환경 개선 요소__유연한 업무 행태를 보조하기 위한 요소 (이동식 콘센트/배터리 충전 스테이션, 로봇 등)",expanded,Q62[M6],다음 중 우리 기업의 오피스에 마련되어 있는 환경 개선 요소를 모두 선택해 주세요.
Q66_M7,오피스 내 환경 개선 요소__기타 (직접 입력),expanded,Q62[M7],다음 중 우리 기업의 오피스에 마련되어 있는 환경 개선 요소를 모두 선택해 주세요.
Q66_M7_TEXT,오피스 내 환경 개선 요소__기타_텍스트,expanded,Q62[M7],다음 중 우리 기업의 오피스에 마련되어 있는 환경 개선 요소를 모두 선택해 주세요.
Q67,지원 공간 및 편의 시설,raw,Q63,다음 중 우리 기업의 오피스에 마련되어 있는 업무 지원 공간 및 생활 편의 시설을 모두 선택해 주세요.
Q67_M1,지원 공간 및 편의 시설__마련되어 있는 것 없음,expanded,Q63[M1],다음 중 우리 기업의 오피스에 마련되어 있는 업무 지원 공간 및 생활 편의 시설을 모두 선택해 주세요.
Q67_M2,지원 공간 및 편의 시설__다목적 워크 라운지,expanded,Q63[M2],다음 중 우리 기업의 오피스에 마련되어 있는 업무 지원 공간 및 생활 편의 시설을 모두 선택해 주세요.
Q67_M3,지원 공간 및 편의 시설__워크숍 룸,expanded,Q63[M3],다음 중 우리 기업의 오피스에 마련되어 있는 업무 지원 공간 및 생활 편의 시설을 모두 선택해 주세요.
Q67_M4,지원 공간 및 편의 시설__별도 집중 업무 공간,expanded,Q63[M4],다음 중 우리 기업의 오피스에 마련되어 있는 업무 지원 공간 및 생활 편의 시설을 모두 선택해 주세요.
Q67_M5,지원 공간 및 편의 시설__콰이엇 존/테크프리(Tech-free) 존,expanded,Q63[M5],다음 중 우리 기업의 오피스에 마련되어 있는 업무 지원 공간 및 생활 편의 시설을 모두 선택해 주세요.
Q67_M6,지원 공간 및 편의 시설__야외 업무 공간,expanded,Q63[M6],다음 중 우리 기업의 오피스에 마련되어 있는 업무 지원 공간 및 생활 편의 시설을 모두 선택해 주세요.
Q67_M7,지원 공간 및 편의 시설__메이커 스페이스 (시제품 제작 공간),expanded,Q63[M7],다음 중 우리 기업의 오피스에 마련되어 있는 업무 지원 공간 및 생활 편의 시설을 모두 선택해 주세요.
Q67_M8,지원 공간 및 편의 시설__촬영 스튜디오,expanded,Q63[M8],다음 중 우리 기업의 오피스에 마련되어 있는 업무 지원 공간 및 생활 편의 시설을 모두 선택해 주세요.
Q67_M9,지원 공간 및 편의 시설__라이브러리,expanded,Q63[M9],다음 중 우리 기업의 오피스에 마련되어 있는 업무 지원 공간 및 생활 편의 시설을 모두 선택해 주세요.
Q67_M10,지원 공간 및 편의 시설__카페테리아,expanded,Q63[M10],다음 중 우리 기업의 오피스에 마련되어 있는 업무 지원 공간 및 생활 편의 시설을 모두 선택해 주세요.
Q67_M11,지원 공간 및 편의 시설__플레이 룸/게임 룸,expanded,Q63[M11],다음 중 우리 기업의 오피스에 마련되어 있는 업무 지원 공간 및 생활 편의 시설을 모두 선택해 주세요.
Q67_M12,지원 공간 및 편의 시설__운동 경기장/러닝 트렉,expanded,Q63[M12],다음 중 우리 기업의 오피스에 마련되어 있는 업무 지원 공간 및 생활 편의 시설을 모두 선택해 주세요.
Q67_M13,지원 공간 및 편의 시설__의료실/헬스케어 센터/멘탈케어 센터,expanded,Q63[M13],다음 중 우리 기업의 오피스에 마련되어 있는 업무 지원 공간 및 생활 편의 시설을 모두 선택해 주세요.
Q67_M14,지원 공간 및 편의 시설__피트니스 센터,expanded,Q63[M14],다음 중 우리 기업의 오피스에 마련되어 있는 업무 지원 공간 및 생활 편의 시설을 모두 선택해 주세요.
Q67_M15,지원 공간 및 편의 시설__어린이집/보육원/데이케어 센터,expanded,Q63[M15],다음 중 우리 기업의 오피스에 마련되어 있는 업무 지원 공간 및 생활 편의 시설을 모두 선택해 주세요.
Q67_M16,지원 공간 및 편의 시설__수면실/샤워실,expanded,Q63[M16],다음 중 우리 기업의 오피스에 마련되어 있는 업무 지원 공간 및 생활 편의 시설을 모두 선택해 주세요.
Q67_M17,지원 공간 및 편의 시설__양치실,expanded,Q63[M17],다음 중 우리 기업의 오피스에 마련되어 있는 업무 지원 공간 및 생활 편의 시설을 모두 선택해 주세요.
Q67_M18,지원 공간 및 편의 시설__명상실,expanded,Q63[M18],다음 중 우리 기업의 오피스에 마련되어 있는 업무 지원 공간 및 생활 편의 시설을 모두 선택해 주세요.
Q67_M19,지원 공간 및 편의 시설__편의점,expanded,Q63[M19],다음 중 우리 기업의 오피스에 마련되어 있는 업무 지원 공간 및 생활 편의 시설을 모두 선택해 주세요.
Q67_M20,지원 공간 및 편의 시설__세탁소/런드리 룸,expanded,Q63[M20],다음 중 우리 기업의 오피스에 마련되어 있는 업무 지원 공간 및 생활 편의 시설을 모두 선택해 주세요.
Q67_M21,지원 공간 및 편의 시설__자전거 보관실/거치대,expanded,Q63[M21],다음 중 우리 기업의 오피스에 마련되어 있는 업무 지원 공간 및 생활 편의 시설을 모두 선택해 주세요.
Q67_M22,지원 공간 및 편의 시설__문서수발실/우편실,expanded,Q63[M22],다음 중 우리 기업의 오피스에 마련되어 있는 업무 지원 공간 및 생활 편의 시설을 모두 선택해 주세요.
Q67_M23,지원 공간 및 편의 시설__기타 (직접 입력),expanded,Q63[M23],다음 중 우리 기업의 오피스에 마련되어 있는 업무 지원 공간 및 생활 편의 시설을 모두 선택해 주세요.
Q67_M23_TEXT,지원 공간 및 편의 시설__기타_텍스트,expanded,Q63[M23],다음 중 우리 기업의 오피스에 마련되어 있는 업무 지원 공간 및 생활 편의 시설을 모두 선택해 주세요.
Q68,협업 공간 요소,raw,Q64,다음 중 우리 기업의 협업 공간에 마련되어 있는 요소를 모두 선택해주세요.
Q68_M1,협업 공간 요소__보기 중 마련되어 있는 것 없음,expanded,Q64[M1],다음 중 우리 기업의 협업 공간에 마련되어 있는 요소를 모두 선택해주세요.
Q68_M2,"협업 공간 요소__화상 회의 시스템 (카메라, 마이크, 디스플레이 등)",expanded,Q64[M2],다음 중 우리 기업의 협업 공간에 마련되어 있는 요소를 모두 선택해주세요.
Q68_M3,협업 공간 요소__이동형 테이블/의자,expanded,Q64[M3],다음 중 우리 기업의 협업 공간에 마련되어 있는 요소를 모두 선택해주세요.
Q68_M4,협업 공간 요소__스탠딩 테이블/바 스툴,expanded,Q64[M4],다음 중 우리 기업의 협업 공간에 마련되어 있는 요소를 모두 선택해주세요.
Q68_M5,협업 공간 요소__소파,expanded,Q64[M5],다음 중 우리 기업의 협업 공간에 마련되어 있는 요소를 모두 선택해주세요.
Q68_M6,협업 공간 요소__화이트 보드,expanded,Q64[M6],다음 중 우리 기업의 협업 공간에 마련되어 있는 요소를 모두 선택해주세요.
Q68_M7,협업 공간 요소__계단식 스탠드,expanded,Q64[M7],다음 중 우리 기업의 협업 공간에 마련되어 있는 요소를 모두 선택해주세요.
Q68_M8,협업 공간 요소__회의 보조용 AI/로봇,expanded,Q64[M8],다음 중 우리 기업의 협업 공간에 마련되어 있는 요소를 모두 선택해주세요.
Q68_M9,협업 공간 요소__기타(직접 입력),expanded,Q64[M9],다음 중 우리 기업의 협업 공간에 마련되어 있는 요소를 모두 선택해주세요.
Q68_M9_TEXT,협업 공간 요소__기타_텍스트,expanded,Q64[M9],다음 중 우리 기업의 협업 공간에 마련되어 있는 요소를 모두 선택해주세요.
Q69,오피스는 기능 공간인가(동의 여부),raw,Q66,"다음 문장에 대해 얼마나 동의하시나요? 오피스는 특정 목표(업무 능률 증진, 과업 목표 달성 등)를 달성하기 위한 수단이다. 목표 달성을 위한 기능적 측면을 강화해야 한다."
Q70,오피스는 생활 공간인가(동의 여부),raw,Q67,"다음 문장에 대해 얼마나 동의하시나요? 오피스는 조직 구성원들이 근무 시간 동안 지내는 일종의 생활 공간이다. 구성원들이 원하는 분위기, 감성, 편의성도 업무 보조 기능에 준하는 중요한 요소이다."
Q71,오피스에서 일만 하고 싶다 vs 일 외적인 활동도 하고 싶다,raw,Q68,다음 중 더 선호하는 것을 선택해 주세요.
Q72,오피스에 조직문화가 잘 반영되어 있는가,raw,Q69,우리 회사의 공간은 기업의 조직문화와 핵심가치를 잘 반영하고 있나요?
Q73,조직 문화를 반영한 오피스에 대한 인식,raw,Q70,조직문화와 핵심가치가 잘 반영된 오피스는 구성원들에게 어떤 긍정적인 효과가 있다고 생각하시나요? 해당하는 것을 모두 선택해 주세요.
Q73_M1,조직 문화를 반영한 오피스에 대한 인식__회사의 방향성에 구성원의 업무목표를 연계시키기 용이,expanded,Q70[M1],조직문화와 핵심가치가 잘 반영된 오피스는 구성원들에게 어떤 긍정적인 효과가 있다고 생각하시나요? 해당하는 것을 모두 선택해 주세요.
Q73_M2,조직 문화를 반영한 오피스에 대한 인식__회사에 대한 구성원들의 신뢰 증진,expanded,Q70[M2],조직문화와 핵심가치가 잘 반영된 오피스는 구성원들에게 어떤 긍정적인 효과가 있다고 생각하시나요? 해당하는 것을 모두 선택해 주세요.
Q73_M3,조직 문화를 반영한 오피스에 대한 인식__업무 몰입도 증진,expanded,Q70[M3],조직문화와 핵심가치가 잘 반영된 오피스는 구성원들에게 어떤 긍정적인 효과가 있다고 생각하시나요? 해당하는 것을 모두 선택해 주세요.
Q73_M4,조직 문화를 반영한 오피스에 대한 인식__공동체 의식&조직 소속감 증진,expanded,Q70[M4],조직문화와 핵심가치가 잘 반영된 오피스는 구성원들에게 어떤 긍정적인 효과가 있다고 생각하시나요? 해당하는 것을 모두 선택해 주세요.
Q73_M5,조직 문화를 반영한 오피스에 대한 인식__심리적 안정감 증진,expanded,Q70[M5],조직문화와 핵심가치가 잘 반영된 오피스는 구성원들에게 어떤 긍정적인 효과가 있다고 생각하시나요? 해당하는 것을 모두 선택해 주세요.
Q73_M6,조직 문화를 반영한 오피스에 대한 인식__일하는 공간에 대한 구성원들의 만족도 증진,expanded,Q70[M6],조직문화와 핵심가치가 잘 반영된 오피스는 구성원들에게 어떤 긍정적인 효과가 있다고 생각하시나요? 해당하는 것을 모두 선택해 주세요.
Q73_M7,조직 문화를 반영한 오피스에 대한 인식__기타 (직접 입력),expanded,Q70[M7],조직문화와 핵심가치가 잘 반영된 오피스는 구성원들에게 어떤 긍정적인 효과가 있다고 생각하시나요? 해당하는 것을 모두 선택해 주세요.
Q73_M7_TEXT,조직 문화를 반영한 오피스에 대한 인식__기타_텍스트,expanded,Q70[M7],조직문화와 핵심가치가 잘 반영된 오피스는 구성원들에게 어떤 긍정적인 효과가 있다고 생각하시나요? 해당하는 것을 모두 선택해 주세요.
Q74,오피스 공간 변화에 참여해 본 경험이 있는가,raw,Q71,기업의 물리적 환경 변화를 위한 활동*에 참여해본 경험이 있으신가요? 경험이 있으시다면 참여한 방식을 모두 선택해 주세요. * 개선/교체/정비/디자인
Q74_M1,오피스 공간 변화에 참여해 본 경험이 있는가__참여 경험이 없다,expanded,Q71[M1],기업의 물리적 환경 변화를 위한 활동*에 참여해본 경험이 있으신가요? 경험이 있으시다면 참여한 방식을 모두 선택해 주세요. * 개선/교체/정비/디자인
Q74_M2,오피스 공간 변화에 참여해 본 경험이 있는가__설문 조사 참여,expanded,Q71[M2],기업의 물리적 환경 변화를 위한 활동*에 참여해본 경험이 있으신가요? 경험이 있으시다면 참여한 방식을 모두 선택해 주세요. * 개선/교체/정비/디자인
Q74_M3,오피스 공간 변화에 참여해 본 경험이 있는가__인터뷰 참여,expanded,Q71[M3],기업의 물리적 환경 변화를 위한 활동*에 참여해본 경험이 있으신가요? 경험이 있으시다면 참여한 방식을 모두 선택해 주세요. * 개선/교체/정비/디자인
Q74_M4,오피스 공간 변화에 참여해 본 경험이 있는가__워크샵 참여,expanded,Q71[M4],기업의 물리적 환경 변화를 위한 활동*에 참여해본 경험이 있으신가요? 경험이 있으시다면 참여한 방식을 모두 선택해 주세요. * 개선/교체/정비/디자인
Q74_M5,오피스 공간 변화에 참여해 본 경험이 있는가__사내 공모 등으로 아이디어 개진,expanded,Q71[M5],기업의 물리적 환경 변화를 위한 활동*에 참여해본 경험이 있으신가요? 경험이 있으시다면 참여한 방식을 모두 선택해 주세요. * 개선/교체/정비/디자인
Q74_M6,오피스 공간 변화에 참여해 본 경험이 있는가__사내 공모 등으로 계획안 및 디자인 제안 참여,expanded,Q71[M6],기업의 물리적 환경 변화를 위한 활동*에 참여해본 경험이 있으신가요? 경험이 있으시다면 참여한 방식을 모두 선택해 주세요. * 개선/교체/정비/디자인
Q74_M7,오피스 공간 변화에 참여해 본 경험이 있는가__기타 (직접 입력),expanded,Q71[M7],기업의 물리적 환경 변화를 위한 활동*에 참여해본 경험이 있으신가요? 경험이 있으시다면 참여한 방식을 모두 선택해 주세요. * 개선/교체/정비/디자인
Q74_TEXT,오피스 공간 변화에 참여해 본 경험이 있는가__기타_텍스트,expanded,Q71[TEXT],기업의 물리적 환경 변화를 위한 활동*에 참여해본 경험이 있으신가요? 경험이 있으시다면 참여한 방식을 모두 선택해 주세요. * 개선/교체/정비/디자인
Q75,오피스 공간 변화에 참여해 본 경험에 대한 평가,raw,Q72,물리적 환경 변화에 참여했던 경험을 어떻게 평가하시나요?
Q76,오피스 공간 변화 참여 경험_긍정적 평가 이유,raw,Q73,기업의 물리적 환경에 변화를 만들어내는 프로세스에 직접 참여하는 경험은 어떤 점에서 긍정적인 경험이었다고 생각하시나요? 해당하는 것을 모두 선택해 주세요.
Q76_M1,오피스 공간 변화 참여 경험_긍정적 평가 이유__해당 참여 경험이 업무 성과로 인정 받았다.,expanded,Q73[M1],기업의 물리적 환경에 변화를 만들어내는 프로세스에 직접 참여하는 경험은 어떤 점에서 긍정적인 경험이었다고 생각하시나요? 해당하는 것을 모두 선택해 주세요.
Q76_M2,오피스 공간 변화 참여 경험_긍정적 평가 이유__조직 소속감이 증진됐다,expanded,Q73[M2],기업의 물리적 환경에 변화를 만들어내는 프로세스에 직접 참여하는 경험은 어떤 점에서 긍정적인 경험이었다고 생각하시나요? 해당하는 것을 모두 선택해 주세요.
Q76_M3,오피스 공간 변화 참여 경험_긍정적 평가 이유__조직이 직원 개개인을 ‘소중히 한다/배려한다’는 생각이 들었다.,expanded,Q73[M3],기업의 물리적 환경에 변화를 만들어내는 프로세스에 직접 참여하는 경험은 어떤 점에서 긍정적인 경험이었다고 생각하시나요? 해당하는 것을 모두 선택해 주세요.
Q76_M4,오피스 공간 변화 참여 경험_긍정적 평가 이유__내가 근무하고 있는 물리적 환경에 애정 또는 주인 의식이 생겼다.,expanded,Q73[M4],기업의 물리적 환경에 변화를 만들어내는 프로세스에 직접 참여하는 경험은 어떤 점에서 긍정적인 경험이었다고 생각하시나요? 해당하는 것을 모두 선택해 주세요.
Q76_M5,오피스 공간 변화 참여 경험_긍정적 평가 이유__나의 의견이 실제 공간에 반영되면서 업무 효율에 긍정적인 영향을 주었다.,expanded,Q73[M5],기업의 물리적 환경에 변화를 만들어내는 프로세스에 직접 참여하는 경험은 어떤 점에서 긍정적인 경험이었다고 생각하시나요? 해당하는 것을 모두 선택해 주세요.
Q76_M6,오피스 공간 변화 참여 경험_긍정적 평가 이유__새로운 동료들과 새롭게 협업 해 볼 수 있었다.,expanded,Q73[M6],기업의 물리적 환경에 변화를 만들어내는 프로세스에 직접 참여하는 경험은 어떤 점에서 긍정적인 경험이었다고 생각하시나요? 해당하는 것을 모두 선택해 주세요.
Q76_M7,오피스 공간 변화 참여 경험_긍정적 평가 이유__기타 (직접 입력),expanded,Q73[M7],기업의 물리적 환경에 변화를 만들어내는 프로세스에 직접 참여하는 경험은 어떤 점에서 긍정적인 경험이었다고 생각하시나요? 해당하는 것을 모두 선택해 주세요.
Q76_M7_TEXT,오피스 공간 변화 참여 경험_긍정적 평가 이유__기타_텍스트,expanded,Q73[M7],기업의 물리적 환경에 변화를 만들어내는 프로세스에 직접 참여하는 경험은 어떤 점에서 긍정적인 경험이었다고 생각하시나요? 해당하는 것을 모두 선택해 주세요.
Q77,오피스 공간 변화 참여 경험_부정적 평가 이유,raw,Q74,기업의 물리적 환경에 변화를 만들어내는 프로세스에 직접 참여하는 경험은 어떤 점에서 부정적인 경험이었다고 생각하시나요? 해당하는 것을 모두 선택해 주세요.
Q77_M1,오피스 공간 변화 참여 경험_부정적 평가 이유__기존 업무에 무리/방해가 되었다.,expanded,Q74[M1],기업의 물리적 환경에 변화를 만들어내는 프로세스에 직접 참여하는 경험은 어떤 점에서 부정적인 경험이었다고 생각하시나요? 해당하는 것을 모두 선택해 주세요.
Q77_M2,오피스 공간 변화 참여 경험_부정적 평가 이유__개선 목표가 불명확하고 담당 부서의 개선 의지가 안 느껴졌다.,expanded,Q74[M2],기업의 물리적 환경에 변화를 만들어내는 프로세스에 직접 참여하는 경험은 어떤 점에서 부정적인 경험이었다고 생각하시나요? 해당하는 것을 모두 선택해 주세요.
Q77_M3,오피스 공간 변화 참여 경험_부정적 평가 이유__업무시간을 할애해 참여했지만 합당한 성과 인정이나 보상이 없었다.,expanded,Q74[M3],기업의 물리적 환경에 변화를 만들어내는 프로세스에 직접 참여하는 경험은 어떤 점에서 부정적인 경험이었다고 생각하시나요? 해당하는 것을 모두 선택해 주세요.
Q77_M4,오피스 공간 변화 참여 경험_부정적 평가 이유__논의 과정과 의견 반영 여부에 대한 충분한 공유가 없었다.,expanded,Q74[M4],기업의 물리적 환경에 변화를 만들어내는 프로세스에 직접 참여하는 경험은 어떤 점에서 부정적인 경험이었다고 생각하시나요? 해당하는 것을 모두 선택해 주세요.
Q77_M5,오피스 공간 변화 참여 경험_부정적 평가 이유__의견이 제대로 받아 들여지지 않았다.,expanded,Q74[M5],기업의 물리적 환경에 변화를 만들어내는 프로세스에 직접 참여하는 경험은 어떤 점에서 부정적인 경험이었다고 생각하시나요? 해당하는 것을 모두 선택해 주세요.
Q77_M6,오피스 공간 변화 참여 경험_부정적 평가 이유__공정하지 않은 기준으로 일이 진행되었다.,expanded,Q74[M6],기업의 물리적 환경에 변화를 만들어내는 프로세스에 직접 참여하는 경험은 어떤 점에서 부정적인 경험이었다고 생각하시나요? 해당하는 것을 모두 선택해 주세요.
Q77_M7,오피스 공간 변화 참여 경험_부정적 평가 이유__기타 (직접 입력),expanded,Q74[M7],기업의 물리적 환경에 변화를 만들어내는 프로세스에 직접 참여하는 경험은 어떤 점에서 부정적인 경험이었다고 생각하시나요? 해당하는 것을 모두 선택해 주세요.
Q77_M7_TEXT,오피스 공간 변화 참여 경험_부정적 평가 이유__기타_텍스트,expanded,Q74[M7],기업의 물리적 환경에 변화를 만들어내는 프로세스에 직접 참여하는 경험은 어떤 점에서 부정적인 경험이었다고 생각하시나요? 해당하는 것을 모두 선택해 주세요.
Q78,물리적 환경 만족도,raw,Q75,우리 회사의 직원들이 일하는 공간을 포함한 물리적 환경에 얼마만큼 만족하시나요?
Q79,사무환경 키워드 평가_자율,raw,Q77,다음 문장에 대해 얼마나 동의하시나요? 우리 기업의 사무환경은 구성원들이 자율적으로 공간을 선택할 수 있다.
Q80,사무환경 키워드 평가_유연,raw,Q78,다음 문장에 대해 얼마나 동의하시나요? 우리 기업의 사무환경은 경직되어 있지 않고 유연하다.
Q81,사무환경 키워드 평가_수평,raw,Q79,다음 문장에 대해 얼마나 동의하시나요? 우리 기업의 사무환경은 직급에 관계 없이 모든 공간을 평등하게 사용할 수 있다.
Q82,사무환경 키워드 평가_협력,raw,Q80,다음 문장에 대해 얼마나 동의하시나요? 우리 기업의 사무환경은 구성원간 커뮤니케이션을 충분히 지원해준다.
Q83,사무환경 키워드 평가_몰입,raw,Q81,다음 문장에 대해 얼마나 동의하시나요? 우리 기업의 사무환경은 구성원들의 업무 몰입을 돕는 환경이다.
Q84,사무환경 키워드 평가_건강,raw,Q82,다음 문장에 대해 얼마나 동의하시나요? 우리 기업의 사무환경은 구성원들의 신체적/정신적 건강을 배려한 환경이다.
Q85,조직문화 키워드 평가_자율,raw,Q83,다음 문장에 대해 얼마나 동의하시나요? 우리 회사는 구성원이 주도적으로 업무를 수행하고 자율적으로 관리한다.
Q86,조직문화 키워드 평가_몰입,raw,Q84,다음 문장에 대해 얼마나 동의하시나요? 우리 회사는 구성원들이 자발적 동기를 갖고 업무를 수행한다.
Q87,조직문화 키워드 평가_수평,raw,Q85,다음 문장에 대해 얼마나 동의하시나요? 우리 회사는 직급간 자유로운 의견 교류가 가능하다.
Q88,조직문화 키워드 평가_협력,raw,Q86,다음 문장에 대해 얼마나 동의하시나요? 우리 회사는 구성원들이 공동의 목표를 공유하며 협력한다.
