"question_no","category_1","category_2","question_label","question_full","response_options","response_type","value_count","value_code_map","other_input_expected","data_column_role","dashboard_value_type","formula"
"P1","응답자 정보","패널 기본정보","응답코드","","","주관식 문자","","","N","raw","text",
"P2","응답자 정보","패널 기본정보","패널코드","","","주관식 문자","","","N","raw","text",
"P3","응답자 정보","패널 기본정보","성별","","남|여","객관식 단일","2","1=남|2=여","N","raw","label",
"P4","응답자 정보","패널 기본정보","나이","","","주관식 숫자","","","N","raw","number",
"P5","응답자 정보","패널 기본정보","세대","","Z세대(1996-2004)|후기 밀레니얼(1989-1995)|전기 밀레니얼(1981-1988)|X세대(1970-1980)|86세대(1964-1969)","객관식 단일","5","1=Z세대(1996-2004)|2=후기 밀레니얼(1989-1995)|3=전기 밀레니얼(1981-1988)|4=X세대(1970-1980)|5=86세대(1964-1969)","N","raw","label",
"P6","응답자 정보","패널 기본정보","거주 지역(상세)","","서울|경기|인천|강원|충북|충남|대전|경북|경남|대구|울산|부산|전북|전남|광주|제주|세종","객관식 단일","17","1=서울|2=경기|3=인천|4=강원|5=충북|6=충남|7=대전|8=경북|9=경남|10=대구|11=울산|12=부산|13=전북|14=전남|15=광주|16=제주|17=세종","N","raw","label",
"P7","응답자 정보","패널 기본정보","거주 지역","","서울|서울 외 수도권|5대광역시|기타지역","객관식 단일","4","1=서울|2=서울 외 수도권|3=5대광역시|4=기타지역","N","raw","label",
"Q1","응답자 정보","소속 기업 특성","사업장 인원","현재 근무하고 있는 사업장(오피스)의 인원은 몇 명인가요?","1~99인|100~299인|300~999인|1,000인 이상","객관식 단일","4","1=1~99인|2=100~299인|3=300~999인|4=1,000인 이상","N","raw","label",
"Q2","응답자 정보","소속 기업 특성","사업장 지역","귀하께서 근무하시는 기업의 사업장 소재지는 어디인가요?","강원도|경기도|경상남도|경상북도|광주광역시|대구광역시|대전광역시|부산광역시|서울특별시|세종특별자치시|울산광역시|인천광역시|전라남도|전라북도|제주특별자치도|충청남도|충청북도","객관식 단일","17","1=강원도|2=경기도|3=경상남도|4=경상북도|5=광주광역시|6=대구광역시|7=대전광역시|8=부산광역시|9=서울특별시|10=세종특별자치시|11=울산광역시|12=인천광역시|13=전라남도|14=전라북도|15=제주특별자치도|16=충청남도|17=충청북도","N","raw","label",
"Q3","응답자 정보","소속 기업 특성","업종","귀하께서 재직 중인 기업은 다음 중 어느 업종에 해당하나요?","IT/통신|미디어/광고|제조/생산|제약/바이오|유통/판매|금융|디자인/설계|건설/시공|법무/세무/회계|컨설팅/연구/조사|관공서/공공기관|의료/보건업|교육(학교, 학원 등)|교통/물류|군대/경찰/소방|기타(직접 입력)","객관식 단일","16","1=IT/통신|2=미디어/광고|3=제조/생산|4=제약/바이오|5=유통/판매|6=금융|7=디자인/설계|8=건설/시공|9=법무/세무/회계|10=컨설팅/연구/조사|11=관공서/공공기관|12=의료/보건업|13=교육(학교, 학원 등)|14=교통/물류|15=군대/경찰/소방|16=기타(직접 입력)","Y","raw","label",
"Q3_TEXT","응답자 정보","소속 기업 특성","업종__기타_텍스트","기타 (직접 입력) 텍스트","","객관식 단일","","","N","expanded","text",
"Q4","응답자 정보","소속 기업 특성","기업 유형","귀하께서 재직 중인 기업은 다음 중 어디에 해당하나요?","대기업|중견/중소기업|외국계기업|공기업/공사|스타트업|기타(직접 입력)","객관식 단일","6","1=대기업|2=중견/중소기업|3=외국계기업|4=공기업/공사|5=스타트업|6=기타(직접 입력)","Y","raw","label",
"Q4_TEXT","응답자 정보","소속 기업 특성","기업 유형__기타_텍스트","기타 (직접 입력) 텍스트","","객관식 단일","","","N","expanded","text",
"Q5","응답자 정보","응답자 개인 특성","직책","귀하의 기업 내 직책은 무엇인가요?","임원급|관리자급|실무진급","객관식 단일","3","1=임원급|2=관리자급|3=실무진급","N","raw","label",
"Q6","응답자 정보","응답자 개인 특성","총 경력","귀하의 직장 생활 총 경력은 어떻게 되시나요?","1년 미만|1년이상-5년미만|5년이상-10년미만|10년이상-15년미만|15년이상-20년미만|20년이상","객관식 단일","6","1=1년 미만|2=1년이상-5년미만|3=5년이상-10년미만|4=10년이상-15년미만|5=15년이상-20년미만|6=20년이상","N","raw","label",
"Q7","응답자 정보","응답자 개인 특성","현 직장 재직 기간","현재 직장에서의 재직 기간은 어떻게 되시나요?","1년 미만|1년이상-5년미만|5년이상-10년미만|10년이상-15년미만|15년이상-20년미만|20년이상","객관식 단일","6","1=1년 미만|2=1년이상-5년미만|3=5년이상-10년미만|4=10년이상-15년미만|5=15년이상-20년미만|6=20년이상","N","raw","label",
"Q8","응답자 정보","응답자 개인 특성","직무","현재 귀하께서 담당하고 있는 직무는 무엇인가요?","기획/전략|경영지원(총무, 인사, 회계 등)|마케팅/광고/홍보|IT/개발/데이터|디자인|설계/엔지니어링|연구/R&D|영업|물류/무역|생산/제조|금융/보험|전문직/특수직|기타(직접 입력)","객관식 단일","13","1=기획/전략|2=경영지원(총무, 인사, 회계 등)|3=마케팅/광고/홍보|4=IT/개발/데이터|5=디자인|6=설계/엔지니어링|7=연구/R&D|8=영업|9=물류/무역|10=생산/제조|11=금융/보험|12=전문직/특수직|13=기타(직접 입력)","Y","raw","label",
"Q8_TEXT","응답자 정보","응답자 개인 특성","직무__기타_텍스트","기타 (직접 입력) 텍스트","","객관식 단일","","","N","expanded","text",
"Q9","일하는 경험","일하는 방식 일반","사무실 출근일수","귀하께서 일주일에 평균 며칠 사무실에서 근무하시나요?","주 1일 미만|주 1일|주 2일|주 3일|주 4일|주 5일|주 6일 이상","객관식 단일","7","1=주 1일 미만|2=주 1일|3=주 2일|4=주 3일|5=주 4일|6=주 5일|7=주 6일 이상","N","raw","label",
"Q10","일하는 경험","일하는 방식 일반","업무 특성 (독립/협업)","귀하의 업무 특성은 어디에 가까운가요? 독립 : 내 일은 혼자 하는 업무가 많은 편이다. 협업 : 내 일은 다른 구성원들과의 소통과 협업이 많은 편이다.","독립 업무 중심||||협업 업무 중심","객관식 척도","5","1=독립 업무 중심|2=|3=|4=|5=협업 업무 중심","N","raw","score",
"Q11","일하는 경험","일하는 방식 일반","업무 특성 (정형/창의)","귀하의 업무 특성은 어디에 가까운가요? 정형 : 내 일은 상호 합의된 프로세스와 시스템 안에서 진행하는 것이 중요하다. 창의 : 내 일은 새로운 시도를 통한 창의적인 결과물 도출이 중요하다.","정형 업무 중심||||창의 업무 중심","객관식 척도","5","1=정형 업무 중심|2=|3=|4=|5=창의 업무 중심","N","raw","score",
"Q12","일하는 경험","일하는 방식 일반","리더 유형 (관리/위임) (본인)","귀하께서는 다음 중 어떤 유형의 리더에 가까운가요? 관리형 : 실무진의 업무를 꼼꼼히 관리하는 리더 위임형 : 실무진에게 의사결정 과정을 위임하는 리더","관리형 리더||||위임형 리더","객관식 척도","5","1=관리형 리더|2=|3=|4=|5=위임형 리더","N","raw","score",
"Q13","일하는 경험","일하는 방식 일반","리더 유형 (관리/위임) (직속 리더)","귀하의 직속 리더는 다음 중 어떤 유형의 리더에 가까운가요? 관리형 : 실무진의 업무를 꼼꼼히 관리하는 리더 위임형 : 실무진에게 의사결정 과정을 위임하는 리더","관리형 리더||||위임형 리더","객관식 척도","5","1=관리형 리더|2=|3=|4=|5=위임형 리더","N","raw","score",
"Q14","일하는 경험","일하는 방식 일반","업무 시간의 자율성","귀하의 회사에서는 구성원들이 일을 언제 시작하고 끝낼 지 직접 조절할 수 있나요?","전혀 그렇지 않다||보통이다||매우 그렇다","객관식 척도","5","1=전혀 그렇지 않다|2=|3=보통이다|4=|5=매우 그렇다","N","raw","score",
"Q15","일하는 경험","일하는 방식 일반","업무 장소의 자율성","귀하의 회사에서는 구성원들이 일할 장소와 환경을 직접 선택하고 조절할 수 있나요?","전혀 그렇지 않다||보통이다||매우 그렇다","객관식 척도","5","1=전혀 그렇지 않다|2=|3=보통이다|4=|5=매우 그렇다","N","raw","score",
"Q16","일하는 경험","일하는 방식 일반","업무 프로세스의 자율성","귀하의 회사에서는 구성원들이 최적의 업무 프로세스/방식을 직접 탐색하고 실무에 적용할 수 있나요?","전혀 그렇지 않다||보통이다||매우 그렇다","객관식 척도","5","1=전혀 그렇지 않다|2=|3=보통이다|4=|5=매우 그렇다","N","raw","score",
"Q17","일하는 경험","일하는 방식 일반","협업 대상의 자율성","귀하의 회사에서는 구성원들이 누구와 함께 일할 것인지 직접 제안하거나 조율할 수 있나요?","전혀 그렇지 않다||보통이다||매우 그렇다","객관식 척도","5","1=전혀 그렇지 않다|2=|3=보통이다|4=|5=매우 그렇다","N","raw","score",
"Q18","일하는 경험","일하는 방식 일반","목표 설정의 자율성","귀하의 회사에서는 구성원들이 수행할 업무와 달성할 목표를 직접 설정할 수 있나요?","전혀 그렇지 않다||보통이다||매우 그렇다","객관식 척도","5","1=전혀 그렇지 않다|2=|3=보통이다|4=|5=매우 그렇다","N","raw","score",
"Q19","일하는 경험","오피스에서 하는 행동","혼자서 주어진 업무 빠르게 처리하기","지난 한 달 동안 오피스에서 ‘혼자 주어진 업무를 빠르게 처리하는 일’ 을 얼마나 자주 하셨나요?","전혀 하지 않았다|||때때로 했다|||항상 했다","객관식 척도","7","1=전혀 하지 않았다|2=|3=|4=때때로 했다|5=|6=|7=항상 했다","N","raw","score",
"Q20","일하는 경험","오피스에서 하는 행동","혼자서 창의적인 아이디어 구상하기","지난 한 달 동안 오피스에서 ‘혼자 창의적인 아이디어를 구상하는 일’ 을 얼마나 자주 하셨나요?","전혀 하지 않았다|||때때로 했다|||항상 했다","객관식 척도","7","1=전혀 하지 않았다|2=|3=|4=때때로 했다|5=|6=|7=항상 했다","N","raw","score",
"Q21","일하는 경험","오피스에서 하는 행동","혼자서 복잡한 내용 분석하고 정리하기","지난 한 달 동안 오피스에서 ‘혼자 복잡한 내용을 분석하고 정리하는 일’ 을 얼마나 자주 하셨나요?","전혀 하지 않았다|||때때로 했다|||항상 했다","객관식 척도","7","1=전혀 하지 않았다|2=|3=|4=때때로 했다|5=|6=|7=항상 했다","N","raw","score",
"Q22","일하는 경험","오피스에서 하는 행동","혼자서 기분 전환/휴식을 위해 리프레시하기","지난 한 달 동안 오피스에서 ‘기분 전환/휴식을 위한 리프레시’ 를 얼마나 자주 하셨나요?","전혀 하지 않았다|||때때로 했다|||항상 했다","객관식 척도","7","1=전혀 하지 않았다|2=|3=|4=때때로 했다|5=|6=|7=항상 했다","N","raw","score",
"Q23","일하는 경험","오피스에서 하는 행동","리더에게 업무 보고하기","지난 한 달 동안 오피스에서 ‘리더에게 업무 보고’ 를 얼마나 자주 하셨나요?","전혀 하지 않았다|||때때로 했다|||항상 했다","객관식 척도","7","1=전혀 하지 않았다|2=|3=|4=때때로 했다|5=|6=|7=항상 했다","N","raw","score",
"Q24","일하는 경험","오피스에서 하는 행동","리더와 자유롭게 논의하기","지난 한 달 동안 오피스에서 ‘리더와의 자유로운 업무 논의’ 를 얼마나 자주 하셨나요?","전혀 하지 않았다|||때때로 했다|||항상 했다","객관식 척도","7","1=전혀 하지 않았다|2=|3=|4=때때로 했다|5=|6=|7=항상 했다","N","raw","score",
"Q25","일하는 경험","오피스에서 하는 행동","리더와 편안한 스몰 토크 나누기","지난 한 달 동안 오피스에서 ‘리더와의 편안한 스몰 토크’ 를 얼마나 자주 하셨나요?","전혀 하지 않았다|||때때로 했다|||항상 했다","객관식 척도","7","1=전혀 하지 않았다|2=|3=|4=때때로 했다|5=|6=|7=항상 했다","N","raw","score",
"Q26","일하는 경험","오피스에서 하는 행동","리더와 업무 관련 1:1 대화 나누기","지난 한 달 동안 오피스에서 ‘리더와의 업무 관련 1:1 대화’ 를 얼마나 자주 하셨나요?","전혀 하지 않았다|||때때로 했다|||항상 했다","객관식 척도","7","1=전혀 하지 않았다|2=|3=|4=때때로 했다|5=|6=|7=항상 했다","N","raw","score",
"Q27","일하는 경험","오피스에서 하는 행동","팀원(들)에게 업무 공유하기","지난 한 달 동안 오피스에서 ‘팀원(들)에게 업무 공유’ 를 얼마나 자주 하셨나요?","전혀 하지 않았다|||때때로 했다|||항상 했다","객관식 척도","7","1=전혀 하지 않았다|2=|3=|4=때때로 했다|5=|6=|7=항상 했다","N","raw","score",
"Q28","일하는 경험","오피스에서 하는 행동","팀원(들)과 자유롭게 논의하기","지난 한 달 동안 오피스에서 ‘팀원(들)과의 자유로운 업무 논의’ 를 얼마나 자주 하셨나요?","전혀 하지 않았다|||때때로 했다|||항상 했다","객관식 척도","7","1=전혀 하지 않았다|2=|3=|4=때때로 했다|5=|6=|7=항상 했다","N","raw","score",
"Q29","일하는 경험","오피스에서 하는 행동","팀원(들)과 편안한 스몰 토크 나누기","지난 한 달 동안 오피스에서 ‘팀원(들)과의 편안한 스몰 토크’ 를 얼마나 자주 하셨나요?","전혀 하지 않았다|||때때로 했다|||항상 했다","객관식 척도","7","1=전혀 하지 않았다|2=|3=|4=때때로 했다|5=|6=|7=항상 했다","N","raw","score",
"Q30","일하는 경험","오피스에서 하는 행동","팀원과 업무 관련 1:1 대화 나누기","지난 한 달 동안 오피스에서 ‘팀원(들)과의 업무 관련 1:1 대화’ 를 얼마나 자주 하셨나요?","전혀 하지 않았다|||때때로 했다|||항상 했다","객관식 척도","7","1=전혀 하지 않았다|2=|3=|4=때때로 했다|5=|6=|7=항상 했다","N","raw","score",
"Q31","일하는 경험","오피스에서 하는 행동","팀원 외 구성원과 편안한 스몰 토크 나누기","지난 한 달 동안 오피스에서 ‘팀원 외 구성원과 편안한 스몰 토크’ 를 얼마나 자주 하셨나요?","전혀 하지 않았다|||때때로 했다|||항상 했다","객관식 척도","7","1=전혀 하지 않았다|2=|3=|4=때때로 했다|5=|6=|7=항상 했다","N","raw","score",
"Q32","일하는 경험","오피스에서 하는 행동","팀원 외 구성원과 업무 관련 1:1 대화 나누기","지난 한 달 동안 오피스에서 ‘팀원 외 구성원과 업무 관련 1:1 대화’ 를 얼마나 자주 하셨나요?","전혀 하지 않았다|||때때로 했다|||항상 했다","객관식 척도","7","1=전혀 하지 않았다|2=|3=|4=때때로 했다|5=|6=|7=항상 했다","N","raw","score",
"Q33","일하는 경험","오피스에서 하는 행동","팀원 외 구성원과 만나는 이벤트/행사 참석하기","지난 한 달 동안 오피스에서 ‘팀원 외 구성원과 만날 수 있는 이벤트/행사’ 에 얼마나 자주 참석하셨나요?","전혀 하지 않았다|||때때로 했다|||항상 했다","객관식 척도","7","1=전혀 하지 않았다|2=|3=|4=때때로 했다|5=|6=|7=항상 했다","N","raw","score",
"Q34","일하는 경험","일할 때 느끼는 기분","주의 (Attentive)","지난 일주일 동안 일할 때 ‘주의 깊은’ 기분을 얼마나 느끼셨나요?","전혀 느끼지 않았다|||때때로 느꼈다|||항상 느꼈다","객관식 척도","7","1=전혀 느끼지 않았다|2=|3=|4=때때로 느꼈다|5=|6=|7=항상 느꼈다","N","raw","score",
"Q35","일하는 경험","일할 때 느끼는 기분","흥미 (Interested)","지난 일주일 동안 일할 때 ‘흥미로운’ 기분을 얼마나 느끼셨나요?","전혀 느끼지 않았다|||때때로 느꼈다|||항상 느꼈다","객관식 척도","7","1=전혀 느끼지 않았다|2=|3=|4=때때로 느꼈다|5=|6=|7=항상 느꼈다","N","raw","score",
"Q36","일하는 경험","일할 때 느끼는 기분","열정 (Enthusiastic)","지난 일주일 동안 일할 때 ‘열정적인’ 기분을 얼마나 느끼셨나요?","전혀 느끼지 않았다|||때때로 느꼈다|||항상 느꼈다","객관식 척도","7","1=전혀 느끼지 않았다|2=|3=|4=때때로 느꼈다|5=|6=|7=항상 느꼈다","N","raw","score",
"Q37","일하는 경험","일할 때 느끼는 기분","영감 (Inspired)","지난 일주일 동안 일할 때 ‘영감을 받은’ 기분을 얼마나 느끼셨나요?","전혀 느끼지 않았다|||때때로 느꼈다|||항상 느꼈다","객관식 척도","7","1=전혀 느끼지 않았다|2=|3=|4=때때로 느꼈다|5=|6=|7=항상 느꼈다","N","raw","score",
"Q38","일하는 경험","일할 때 느끼는 기분","활기 (Active)","지난 일주일 동안 일할 때 ‘활기찬’ 기분을 얼마나 느끼셨나요?","전혀 느끼지 않았다|||때때로 느꼈다|||항상 느꼈다","객관식 척도","7","1=전혀 느끼지 않았다|2=|3=|4=때때로 느꼈다|5=|6=|7=항상 느꼈다","N","raw","score",
"Q39","일하는 경험","일할 때 느끼는 기분","괴로움 (Distressed)","지난 일주일 동안 일할 때 ‘괴로운’ 기분을 얼마나 느끼셨나요?","전혀 느끼지 않았다|||때때로 느꼈다|||항상 느꼈다","객관식 척도","7","1=전혀 느끼지 않았다|2=|3=|4=때때로 느꼈다|5=|6=|7=항상 느꼈다","N","raw","score",
"Q40","일하는 경험","일할 때 느끼는 기분","분노 (Upset)","지난 일주일 동안 일할 때 ‘화가 나는’ 기분을 얼마나 느끼셨나요?","전혀 느끼지 않았다|||때때로 느꼈다|||항상 느꼈다","객관식 척도","7","1=전혀 느끼지 않았다|2=|3=|4=때때로 느꼈다|5=|6=|7=항상 느꼈다","N","raw","score",
"Q41","일하는 경험","일할 때 느끼는 기분","짜증 (Irritable)","지난 일주일 동안 일할 때 ‘짜증나는’ 기분을 얼마나 느끼셨나요?","전혀 느끼지 않았다|||때때로 느꼈다|||항상 느꼈다","객관식 척도","7","1=전혀 느끼지 않았다|2=|3=|4=때때로 느꼈다|5=|6=|7=항상 느꼈다","N","raw","score",
"Q42","일하는 경험","일할 때 느끼는 기분","두려움 (Afraid)","지난 일주일 동안 일할 때 ‘두려운’ 기분을 얼마나 느끼셨나요?","전혀 느끼지 않았다|||때때로 느꼈다|||항상 느꼈다","객관식 척도","7","1=전혀 느끼지 않았다|2=|3=|4=때때로 느꼈다|5=|6=|7=항상 느꼈다","N","raw","score",
"Q43","일하는 경험","일할 때 느끼는 기분","긴장 (Nervous)","지난 일주일 동안 일할 때 ‘긴장되는’ 기분을 얼마나 느끼셨나요?","전혀 느끼지 않았다|||때때로 느꼈다|||항상 느꼈다","객관식 척도","7","1=전혀 느끼지 않았다|2=|3=|4=때때로 느꼈다|5=|6=|7=항상 느꼈다","N","raw","score",
"Q44","일하는 경험","조직의 문화적 분위기","자리를 떠나 일해도 되는 분위기","우리 회사는 구성원들이 업무 시간에 자리를 떠나 다른 공간에서 일해도 눈치 주지 않는 분위기인가요?","전혀 그렇지 않다|||보통이다|||매우 그렇다","객관식 척도","7","1=전혀 그렇지 않다|2=|3=|4=보통이다|5=|6=|7=매우 그렇다","N","raw","score",
"Q45","일하는 경험","조직의 문화적 분위기","다양성이 존중되는 분위기","우리 회사는 구성원들의 각기 다른 업무 성향과 일하는 방식을 존중하나요?","전혀 그렇지 않다|||보통이다|||매우 그렇다","객관식 척도","7","1=전혀 그렇지 않다|2=|3=|4=보통이다|5=|6=|7=매우 그렇다","N","raw","score",
"Q46","일하는 경험","조직의 문화적 분위기","개인의 상황을 배려하는 분위기","우리 회사는 업무가 긴박한 상황에서도 구성원들의 개인적인 상황과 컨디션을 배려하나요?","전혀 그렇지 않다|||보통이다|||매우 그렇다","객관식 척도","7","1=전혀 그렇지 않다|2=|3=|4=보통이다|5=|6=|7=매우 그렇다","N","raw","score",
"Q47","일하는 경험","조직의 문화적 분위기","수평적으로 소통하는 분위기","우리 회사에서는 역할/직책에 관계 없이 누구나 의견을 자유롭게 제시하나요?","전혀 그렇지 않다|||보통이다|||매우 그렇다","객관식 척도","7","1=전혀 그렇지 않다|2=|3=|4=보통이다|5=|6=|7=매우 그렇다","N","raw","score",
"Q48","일하는 경험","조직의 문화적 분위기","정제되지 않은 생각부터 나누는 분위기","우리 회사의 구성원들은 완벽하지 않은 아이디어도 스스럼없이 공유하나요?","전혀 그렇지 않다|||보통이다|||매우 그렇다","객관식 척도","7","1=전혀 그렇지 않다|2=|3=|4=보통이다|5=|6=|7=매우 그렇다","N","raw","score",
"Q49","일하는 경험","조직의 문화적 분위기","문제를 솔직하게 꺼내는 분위기","우리 회사의 구성원들은 크고 작은 문제에 대해서 거리낌 없이 솔직하게 이야기하나요?","전혀 그렇지 않다|||보통이다|||매우 그렇다","객관식 척도","7","1=전혀 그렇지 않다|2=|3=|4=보통이다|5=|6=|7=매우 그렇다","N","raw","score",
"Q50","일하는 경험","조직의 문화적 분위기","서로 친하게 지내는 분위기","우리 회사의 구성원들은 서로 잘 알고 지내며 친밀하게 어울리나요?","전혀 그렇지 않다|||보통이다|||매우 그렇다","객관식 척도","7","1=전혀 그렇지 않다|2=|3=|4=보통이다|5=|6=|7=매우 그렇다","N","raw","score",
"Q51","일하는 경험","조직의 문화적 분위기","목표와 방향을 맞춰 가는 분위기","우리 회사의 구성원들은 서로 다른 역할을 수행하면서도 큰 목표와 방향을 함께 논의하고 조율하나요?","전혀 그렇지 않다|||보통이다|||매우 그렇다","객관식 척도","7","1=전혀 그렇지 않다|2=|3=|4=보통이다|5=|6=|7=매우 그렇다","N","raw","score",
"Q52","일하는 경험","조직의 문화적 분위기","전문성과 강점을 신뢰하는 분위기","우리 회사의 구성원들은 서로의 전문성과 강점을 깊이 이해하고 신뢰하나요?","전혀 그렇지 않다|||보통이다|||매우 그렇다","객관식 척도","7","1=전혀 그렇지 않다|2=|3=|4=보통이다|5=|6=|7=매우 그렇다","N","raw","score",
"Q53","일하는 경험","조직의 핵심 가치/비전에 대한 인식","조직의 핵심 가치/비전을 알고 있음","우리 회사의 핵심 가치/비전이 무엇인지 알고 있나요? (문장이나 단어로 표현할 수 있나요?)","전혀 그렇지 않다|||보통이다|||매우 그렇다","객관식 척도","7","1=전혀 그렇지 않다|2=|3=|4=보통이다|5=|6=|7=매우 그렇다","N","raw","score",
"Q54","일하는 경험","조직의 핵심 가치/비전에 대한 인식","조직의 핵심 가치/비전에 공감함","우리 회사의 핵심 가치/비전에 개인적으로 공감하며, 실제로 중요하다고 생각하나요?","전혀 그렇지 않다|||보통이다|||매우 그렇다","객관식 척도","7","1=전혀 그렇지 않다|2=|3=|4=보통이다|5=|6=|7=매우 그렇다","N","raw","score",
"Q55","일하는 경험","조직의 핵심 가치/비전에 대한 인식","조직의 핵심 가치/비전을 실천하고 있음","우리 회사의 핵심 가치/비전을 일하면서 실천하고 있나요?","전혀 그렇지 않다|||보통이다|||매우 그렇다","객관식 척도","7","1=전혀 그렇지 않다|2=|3=|4=보통이다|5=|6=|7=매우 그렇다","N","raw","score",
"Q56","일하는 경험","심리적 임파워먼트","의미-1","내가 하는 업무는 나에게 매우 중요하다.","전혀 그렇지 않다|||보통이다|||매우 그렇다","객관식 척도","7","1=전혀 그렇지 않다|2=|3=|4=보통이다|5=|6=|7=매우 그렇다","N","raw","score",
"Q57","일하는 경험","심리적 임파워먼트","의미-2","나의 업무와 관련된 활동은 나에게 개인적으로 의미가 있는 일이다.","전혀 그렇지 않다|||보통이다|||매우 그렇다","객관식 척도","7","1=전혀 그렇지 않다|2=|3=|4=보통이다|5=|6=|7=매우 그렇다","N","raw","score",
"Q58","일하는 경험","심리적 임파워먼트","의미-3","내가 하는 업무는 나에게 가치가 있다.","전혀 그렇지 않다|||보통이다|||매우 그렇다","객관식 척도","7","1=전혀 그렇지 않다|2=|3=|4=보통이다|5=|6=|7=매우 그렇다","N","raw","score",
"Q59","일하는 경험","심리적 임파워먼트","유능성-1","나는 나의 업무 수행에 자신감을 갖고 있다.","전혀 그렇지 않다|||보통이다|||매우 그렇다","객관식 척도","7","1=전혀 그렇지 않다|2=|3=|4=보통이다|5=|6=|7=매우 그렇다","N","raw","score",
"Q60","일하는 경험","심리적 임파워먼트","유능성-2","나는 나의 업무를 수행하는데 필요한 기술과 지식을 가지고 있다.","전혀 그렇지 않다|||보통이다|||매우 그렇다","객관식 척도","7","1=전혀 그렇지 않다|2=|3=|4=보통이다|5=|6=|7=매우 그렇다","N","raw","score",
"Q61","일하는 경험","심리적 임파워먼트","유능성-3","나는 나의 업무 수행 능력에 대하여 스스로 확신을 갖고 있다.","전혀 그렇지 않다|||보통이다|||매우 그렇다","객관식 척도","7","1=전혀 그렇지 않다|2=|3=|4=보통이다|5=|6=|7=매우 그렇다","N","raw","score",
"Q62","일하는 경험","심리적 임파워먼트","자기결정감-1","나는 나의 업무를 수행할 방법을 결정하는데 자율성을 가지고 있다.","전혀 그렇지 않다|||보통이다|||매우 그렇다","객관식 척도","7","1=전혀 그렇지 않다|2=|3=|4=보통이다|5=|6=|7=매우 그렇다","N","raw","score",
"Q63","일하는 경험","심리적 임파워먼트","자기결정감-2","나는 나의 업무를 처리할 방법을 스스로 결정할 수 있다.","전혀 그렇지 않다|||보통이다|||매우 그렇다","객관식 척도","7","1=전혀 그렇지 않다|2=|3=|4=보통이다|5=|6=|7=매우 그렇다","N","raw","score",
"Q64","일하는 경험","심리적 임파워먼트","자기결정감-3","나에게는 독립성과 자유를 갖고 업무를 수행할 수 있는 기회가 충분히 주어진다.","전혀 그렇지 않다|||보통이다|||매우 그렇다","객관식 척도","7","1=전혀 그렇지 않다|2=|3=|4=보통이다|5=|6=|7=매우 그렇다","N","raw","score",
"Q65","일하는 경험","심리적 임파워먼트","영향력-1","나의 부서에서 나의 영향력은 크다.","전혀 그렇지 않다|||보통이다|||매우 그렇다","객관식 척도","7","1=전혀 그렇지 않다|2=|3=|4=보통이다|5=|6=|7=매우 그렇다","N","raw","score",
"Q66","일하는 경험","심리적 임파워먼트","영향력-2","나는 나의 부서에서 일어나는 일을 상당히 통제할 수 있다.","전혀 그렇지 않다|||보통이다|||매우 그렇다","객관식 척도","7","1=전혀 그렇지 않다|2=|3=|4=보통이다|5=|6=|7=매우 그렇다","N","raw","score",
"Q67","일하는 경험","심리적 임파워먼트","영향력-3","나는 나의 부서에서 일어나는 일에 있어서 상당한 영향력을 가지고 있다.","전혀 그렇지 않다|||보통이다|||매우 그렇다","객관식 척도","7","1=전혀 그렇지 않다|2=|3=|4=보통이다|5=|6=|7=매우 그렇다","N","raw","score",
"D1","일하는 경험","심리적 임파워먼트","의미 평균","심리적 임파워먼트_의미(의미 있는 일을 하고 있다는 느낌)","","객관식 척도","7","1=전혀 그렇지 않다|2=|3=|4=보통이다|5=|6=|7=매우 그렇다","N","derived","score","(Q56 + Q57 + Q58) / 3"
"D2","일하는 경험","심리적 임파워먼트","유능성 평균","심리적 임파워먼트_유능성(맡은 일을 잘 해낼 수 있다는 느낌)","","객관식 척도","7","1=전혀 그렇지 않다|2=|3=|4=보통이다|5=|6=|7=매우 그렇다","N","derived","score","(Q59 + Q60 + Q61) / 3"
"D3","일하는 경험","심리적 임파워먼트","자기결정감 평균","심리적 임파워먼트_자기결정감(스스로 선택하고 결정할 수 있다는 느낌)","","객관식 척도","7","1=전혀 그렇지 않다|2=|3=|4=보통이다|5=|6=|7=매우 그렇다","N","derived","score","(Q62 + Q63 + Q64) / 3"
"D4","일하는 경험","심리적 임파워먼트","영향력 평균","심리적 임파워먼트_영향력(회사에 긍정적 영향을 주고 있다는 느낌)","","객관식 척도","7","1=전혀 그렇지 않다|2=|3=|4=보통이다|5=|6=|7=매우 그렇다","N","derived","score","(Q65 + Q66 + Q67) / 3"
"D5","일하는 경험","심리적 임파워먼트","심리적 임파워먼트 평균","심리적 임파워먼트(일에 대해 의미와 자신감을 느끼며 역량을 발휘하고 있는 마음 상태)","","객관식 척도","7","1=전혀 그렇지 않다|2=|3=|4=보통이다|5=|6=|7=매우 그렇다","N","derived","score","(Q56 + Q57 + Q58 + Q59 + Q60 + Q61 + Q62 + Q63 + Q64 + Q65 + Q66 + Q67) / 12"
"Q68","일하는 공간","개인 업무 공간","현재 좌석 운영 방식 (고정/자율)","현재 오피스의 좌석 운영 방식은 무엇인가요?","고정좌석제 (지정된 개인 책상 사용)|자율좌석제 (지정된 자리 없이 원하는 자리 예약 사용)|고정+자율좌석제 혼합|기타 (직접 입력)","객관식 단일","4","1=고정좌석제 (지정된 개인 책상 사용)|2=자율좌석제 (지정된 자리 없이 원하는 자리 예약 사용)|3=고정+자율좌석제 혼합|4=기타 (직접 입력)","Y","raw","label",
"Q68_TEXT","일하는 공간","개인 업무 공간","현재 좌석 운영 방식 (고정/자율)__기타_텍스트","기타 (직접 입력) 텍스트","","객관식 단일","","","N","expanded","text",
"Q69","일하는 공간","개인 업무 공간","선호하는 좌석 운영 방식 (고정/자율)","다음 중 귀하께서 더 선호하는 좌석 운영 방식을 선택해 주세요.","고정좌석제 (지정된 개인 책상 사용)|자율좌석제 (지정된 자리 없이 원하는 자리 예약 사용)|기타 (직접 입력)","객관식 단일","3","1=고정좌석제 (지정된 개인 책상 사용)|2=자율좌석제 (지정된 자리 없이 원하는 자리 예약 사용)|3=기타 (직접 입력)","Y","raw","label",
"Q69_TEXT","일하는 공간","개인 업무 공간","선호하는 좌석 운영 방식 (고정/자율)__기타_텍스트","기타 (직접 입력) 텍스트","","객관식 단일","","","N","expanded","text",
"Q70","일하는 공간","개인 업무 공간","개인 좌석 - 주변 시선 차단 여부","내 자리에 앉아 있을 때, 주변의 시선이 적절히 차단되나요?","전혀 그렇지 않다||보통이다||매우 그렇다","객관식 척도","5","1=전혀 그렇지 않다|2=|3=보통이다|4=|5=매우 그렇다","N","raw","score",
"Q71","일하는 공간","개인 업무 공간","개인 좌석 - 주변 소음 차단 여부","내 자리에 앉아 있을 때, 주변 소음이 적절히 차단되나요?","전혀 그렇지 않다||보통이다||매우 그렇다","객관식 척도","5","1=전혀 그렇지 않다|2=|3=보통이다|4=|5=매우 그렇다","N","raw","score",
"Q72","일하는 공간","개인 업무 공간","개인 좌석 - 책상/의자 조절 가능 여부","내 자리의 책상/의자를 몸에 맞게 조절할 수 있나요?","전혀 그렇지 않다||보통이다||매우 그렇다","객관식 척도","5","1=전혀 그렇지 않다|2=|3=보통이다|4=|5=매우 그렇다","N","raw","score",
"Q73","일하는 공간","개인 업무 공간","개인 좌석 - 자연광 접촉 가능 여부","내 자리로 자연광이 충분히 들어오나요?","전혀 그렇지 않다||보통이다||매우 그렇다","객관식 척도","5","1=전혀 그렇지 않다|2=|3=보통이다|4=|5=매우 그렇다","N","raw","score",
"Q74","일하는 공간","개인 업무 공간","업무층 환경 - 밀도가 적절한가","내가 일하는 업무층은 밀도가 쾌적한가요?","전혀 그렇지 않다||보통이다||매우 그렇다","객관식 척도","5","1=전혀 그렇지 않다|2=|3=보통이다|4=|5=매우 그렇다","N","raw","score",
"Q75","일하는 공간","개인 업무 공간","업무층 환경 - 조도/밝기가 적절한가","내가 일하는 업무층은 조도/밝기가 적절한가요?","전혀 그렇지 않다||보통이다||매우 그렇다","객관식 척도","5","1=전혀 그렇지 않다|2=|3=보통이다|4=|5=매우 그렇다","N","raw","score",
"Q76","일하는 공간","개인 업무 공간","업무층 환경 - 식물/플랜테리어가 조성되어 있는가","내가 일하는 업무층은 식물/플랜테리어가 적절히 조성되어 있나요?","전혀 그렇지 않다||보통이다||매우 그렇다","객관식 척도","5","1=전혀 그렇지 않다|2=|3=보통이다|4=|5=매우 그렇다","N","raw","score",
"Q77","일하는 공간","개인 업무 공간","업무층 환경 - 좌석 형태/구성이 다양한가","내가 일하는 업무층은 좌석의 형태와 구성이 다양한 편인가요?","전혀 그렇지 않다||보통이다||매우 그렇다","객관식 척도","5","1=전혀 그렇지 않다|2=|3=보통이다|4=|5=매우 그렇다","N","raw","score",
"Q78","일하는 공간","리더 업무 공간","직원들과 가까운 곳에 있는가","리더(들)의 업무 공간은 일반 구성원들의 업무 공간과 물리적으로 가까운가요?","전혀 그렇지 않다||보통이다||매우 그렇다","객관식 척도","5","1=전혀 그렇지 않다|2=|3=보통이다|4=|5=매우 그렇다","N","raw","score",
"Q79","일하는 공간","리더 업무 공간","직원들에게 시각적으로 열려 있는가","리더(들)의 업무 공간은 일반 구성원들에게 시각적으로 개방되어 있나요?","전혀 그렇지 않다||보통이다||매우 그렇다","객관식 척도","5","1=전혀 그렇지 않다|2=|3=보통이다|4=|5=매우 그렇다","N","raw","score",
"Q80","일하는 공간","리더 업무 공간","회의 가구나 장비가 있는가","리더(들)의 업무 공간에 회의 장비 및 가구가 적절히 마련되어 있나요? (디스플레이, 화이트보드, 보조 소파/의자 등)","전혀 그렇지 않다||보통이다||매우 그렇다","객관식 척도","5","1=전혀 그렇지 않다|2=|3=보통이다|4=|5=매우 그렇다","N","raw","score",
"Q81","일하는 공간","리더 업무 공간","위계감을 덜어주는 편안한 분위기인가","리더(들)의 업무 공간은 위계감이 덜 느껴지는 편안한 분위기인가요?","전혀 그렇지 않다||보통이다||매우 그렇다","객관식 척도","5","1=전혀 그렇지 않다|2=|3=보통이다|4=|5=매우 그렇다","N","raw","score",
"Q82","일하는 공간","회의/협업 공간","소규모 회의 공간(2-4인 규모)이 적절히 계획됐는가","회사에 소규모 회의 공간(2-4인 규모)이 적절히 계획되어 있나요?","전혀 그렇지 않다||보통이다||매우 그렇다","객관식 척도","5","1=전혀 그렇지 않다|2=|3=보통이다|4=|5=매우 그렇다","N","raw","score",
"Q83","일하는 공간","회의/협업 공간","중규모 회의 공간(5-8인 규모)이 적절히 계획됐는가","회사에 중규모 회의 공간(5-8인 규모)이 적절히 계획되어 있나요?","전혀 그렇지 않다||보통이다||매우 그렇다","객관식 척도","5","1=전혀 그렇지 않다|2=|3=보통이다|4=|5=매우 그렇다","N","raw","score",
"Q84","일하는 공간","회의/협업 공간","대규모 회의 공간(9인 이상)이 적절히 계획됐는가","회사에 대규모 회의 공간(9인 이상)이 적절히 계획되어 있나요?","전혀 그렇지 않다||보통이다||매우 그렇다","객관식 척도","5","1=전혀 그렇지 않다|2=|3=보통이다|4=|5=매우 그렇다","N","raw","score",
"Q85","일하는 공간","회의/협업 공간","아이디어를 그림/판서로 표현할 수 있는가","회의/협업 공간에 아이디어 비주얼라이제이션 툴*이 적절히 갖춰져 있나요? (*그림, 판서 등이 가능한 도구)","전혀 그렇지 않다||보통이다||매우 그렇다","객관식 척도","5","1=전혀 그렇지 않다|2=|3=보통이다|4=|5=매우 그렇다","N","raw","score",
"Q86","일하는 공간","회의/협업 공간","긴장감을 덜어주는 편안한 분위기인가","회의/협업 공간은 긴장감을 덜어주는 편안한 분위기인가요?","전혀 그렇지 않다||보통이다||매우 그렇다","객관식 척도","5","1=전혀 그렇지 않다|2=|3=보통이다|4=|5=매우 그렇다","N","raw","score",
"Q87","일하는 공간","회의/협업 공간","예약 없이 사용할 수 있는 회의 공간이 있는가","예약 없이 바로 사용할 수 있는 회의 공간이 적절히 계획되어 있나요?","전혀 그렇지 않다||보통이다||매우 그렇다","객관식 척도","5","1=전혀 그렇지 않다|2=|3=보통이다|4=|5=매우 그렇다","N","raw","score",
"Q88","일하는 공간","회의/협업 공간","그룹(팀/TF) 전용 협업 공간이 있는가","팀/TF 구성원끼리 일정 기간 모여서 일하는 그룹 전용 협업 공간이 적절히 계획되어 있나요? (단, 일반 회의실을 점유하는 경우는 제외)","전혀 그렇지 않다||보통이다||매우 그렇다","객관식 척도","5","1=전혀 그렇지 않다|2=|3=보통이다|4=|5=매우 그렇다","N","raw","score",
"Q89","일하는 공간","라운지","라운지 계획 여부","귀하의 오피스에는 라운지(또는 공용공간)이 마련되어 있나요?","라운지/공용공간이 있다|라운지/공용공간이 없다","객관식 단일","2","1=라운지/공용공간이 있다|2=라운지/공용공간이 없다","N","raw","label",
"Q90","일하는 공간","라운지","다양한 사람이 접근하기 쉬운 위치에 있는가","라운지가 다양한 팀/부서에서 접근하기 쉬운 위치에 있나요?","전혀 그렇지 않다||보통이다||매우 그렇다","객관식 척도","5","1=전혀 그렇지 않다|2=|3=보통이다|4=|5=매우 그렇다","N","raw","score",
"Q91","일하는 공간","라운지","커피, 간식 등 식음 요소가 있는가","라운지에 커피, 간식 등을 즐길 수 있는 탕비 시설이 있나요?","전혀 그렇지 않다||보통이다||매우 그렇다","객관식 척도","5","1=전혀 그렇지 않다|2=|3=보통이다|4=|5=매우 그렇다","N","raw","score",
"Q92","일하는 공간","라운지","다인원 이벤트/행사를 할 수 있는가","라운지가 다인원 이벤트/행사를 수용할 수 있는 규모/시설을 갖추고 있나요?","전혀 그렇지 않다||보통이다||매우 그렇다","객관식 척도","5","1=전혀 그렇지 않다|2=|3=보통이다|4=|5=매우 그렇다","N","raw","score",
"Q93","일하는 공간","라운지","주변 시선/소음이 가려지는 대화 공간이 있는가","라운지에 주변 시선과 소음이 가려지는 프라이빗한 대화 공간이 적절히 계획되어 있나요?","전혀 그렇지 않다||보통이다||매우 그렇다","객관식 척도","5","1=전혀 그렇지 않다|2=|3=보통이다|4=|5=매우 그렇다","N","raw","score",
"Q94","일하는 공간","라운지","심미적으로 아름답게 디자인되어 있는가","라운지에서 시각적 아름다움/심미적 만족감을 느낄 수 있나요?","전혀 그렇지 않다||보통이다||매우 그렇다","객관식 척도","5","1=전혀 그렇지 않다|2=|3=보통이다|4=|5=매우 그렇다","N","raw","score",
"Q95","일하는 공간","라운지","회사의 아이덴티티를 느낄 수 있는가","라운지에서 회사의 아이덴티티/정체성을 느낄 수 있나요? (BI/CI가 적용된 디자인 무드, 로고, 사이니지 등)","전혀 그렇지 않다||보통이다||매우 그렇다","객관식 척도","5","1=전혀 그렇지 않다|2=|3=보통이다|4=|5=매우 그렇다","N","raw","score",
"Q96","일하는 공간","지원 공간","자리를 떠나 일할 수 있는 ‘프라이빗한’ 공간이 있는가","회사에 내 자리를 떠나 일할 수 있는 프라이빗한 업무 공간*이 있나요?  (*포커스룸 등 주변으로부터 방해받지 않고 일할 수 있는 곳)","전혀 그렇지 않다||보통이다||매우 그렇다","객관식 척도","5","1=전혀 그렇지 않다|2=|3=보통이다|4=|5=매우 그렇다","N","raw","score",
"Q97","일하는 공간","지원 공간","자리를 떠나 일할 수 있는 ‘오픈된’ 공간이 있는가","회사에 내 자리를 떠나 일할 수 있는, 오픈된 업무 공간*이 있나요?  (*워크 라운지 등 캐주얼한 분위기에서 일할 수 있는 곳)","전혀 그렇지 않다||보통이다||매우 그렇다","객관식 척도","5","1=전혀 그렇지 않다|2=|3=보통이다|4=|5=매우 그렇다","N","raw","score",
"Q98","일하는 공간","지원 공간","개인 휴식 공간","회사에 조용히 혼자 쉴 수 있는 휴식 공간이 계획되어 있나요?","전혀 그렇지 않다||보통이다||매우 그렇다","객관식 척도","5","1=전혀 그렇지 않다|2=|3=보통이다|4=|5=매우 그렇다","N","raw","score",
"Q99","일하는 공간","지원 공간","옥외 공간 (테라스, 산책로 등)","회사에 테라스, 산책로 등의 옥외 공간이 계획되어 있나요?","전혀 그렇지 않다||보통이다||매우 그렇다","객관식 척도","5","1=전혀 그렇지 않다|2=|3=보통이다|4=|5=매우 그렇다","N","raw","score",
"Q100","일하는 공간","조직 문화를 반영한 오피스에 대한 인식","조직 문화를 반영한 오피스의 긍정적 효과","조직 문화와 핵심 가치가 잘 반영된 오피스는 구성원들에게 어떤 긍정적인 효과가 있다고 생각하시나요? 해당하는 보기를 모두 선택해주세요.","회사의 방향성에 구성원의 업무 목표를 연계시키기 용이|회사에 대한 구성원의 신뢰 증진|업무 몰입도 증진|공동체 의식 & 조직 소속감 증진|심리적 안전감 증진|일하는 공간에 대한 구성원들의 만족도 증진|기타 (직접 입력)","객관식 중복","7","1=회사의 방향성에 구성원의 업무 목표를 연계시키기 용이|2=회사에 대한 구성원의 신뢰 증진|3=업무 몰입도 증진|4=공동체 의식 & 조직 소속감 증진|5=심리적 안전감 증진|6=일하는 공간에 대한 구성원들의 만족도 증진|7=기타 (직접 입력)","Y","raw","label",
"Q100_M1","일하는 공간","조직 문화를 반영한 오피스에 대한 인식","조직 문화를 반영한 오피스의 긍정적 효과__회사의 방향성에 구성원의 업무 목표를 연계시키기 용이","회사의 방향성에 구성원의 업무 목표를 연계시키기 용이","","객관식 중복","","0=미선택|1=선택","N","expanded","binary",
"Q100_M2","일하는 공간","조직 문화를 반영한 오피스에 대한 인식","조직 문화를 반영한 오피스의 긍정적 효과__회사에 대한 구성원의 신뢰 증진","회사에 대한 구성원의 신뢰 증진","","객관식 중복","","0=미선택|1=선택","N","expanded","binary",
"Q100_M3","일하는 공간","조직 문화를 반영한 오피스에 대한 인식","조직 문화를 반영한 오피스의 긍정적 효과__업무 몰입도 증진","업무 몰입도 증진","","객관식 중복","","0=미선택|1=선택","N","expanded","binary",
"Q100_M4","일하는 공간","조직 문화를 반영한 오피스에 대한 인식","조직 문화를 반영한 오피스의 긍정적 효과__공동체 의식 & 조직 소속감 증진","공동체 의식 & 조직 소속감 증진","","객관식 중복","","0=미선택|1=선택","N","expanded","binary",
"Q100_M5","일하는 공간","조직 문화를 반영한 오피스에 대한 인식","조직 문화를 반영한 오피스의 긍정적 효과__심리적 안전감 증진","심리적 안전감 증진","","객관식 중복","","0=미선택|1=선택","N","expanded","binary",
"Q100_M6","일하는 공간","조직 문화를 반영한 오피스에 대한 인식","조직 문화를 반영한 오피스의 긍정적 효과__일하는 공간에 대한 구성원들의 만족도 증진","일하는 공간에 대한 구성원들의 만족도 증진","","객관식 중복","","0=미선택|1=선택","N","expanded","binary",
"Q100_M7","일하는 공간","조직 문화를 반영한 오피스에 대한 인식","조직 문화를 반영한 오피스의 긍정적 효과__기타 (직접 입력)","기타 (직접 입력)","","객관식 중복","","0=미선택|1=선택","N","expanded","binary",
"Q100_M7_TEXT","일하는 공간","조직 문화를 반영한 오피스에 대한 인식","조직 문화를 반영한 오피스의 긍정적 효과__기타_텍스트","기타 (직접 입력) 텍스트","","객관식 중복","","","N","expanded","text",
